DGRP;Replica;Wasp_Strain;Flies;Capsules;Encapsulation_Proportion;Infection_Proportion;Set;Block;Researcher_ID
49;1;G486;1;3;0.076923077;0.975;1;1;Sherifat
49;2;G486;0;2;0.05;1;1;1;Rachael
49;1;NSRef;1;0;0;0.975;1;1;Rachael
49;2;NSRef;0;1;0.025;1;1;1;Rachael
49;3;NSRef;1;0;0;0.975;1;1;Sherifat
228;1;G486;2;1;0.026315789;0.95;1;1;Sherifat
228;2;G486;2;0;0;0.95;1;1;Rachael
228;3;G486;0;1;0.025;1;1;1;Sherifat
228;1;NSRef;3;0;0;0.925;1;1;Rachael
228;2;NSRef;0;1;0.025;1;1;1;Sherifat
228;3;NSRef;0;0;0;1;1;1;Sherifat
336;1;G486;2;13;0.342105263;0.95;1;1;Sherifat
336;1;NSRef;0;0;0;1;1;1;Sherifat
338;1;G486;0;7;0.175;1;1;1;Sherifat
338;2;G486;0;13;0.325;1;1;1;Rachael
338;3;G486;0;15;0.375;1;1;1;Rachael
338;1;NSRef;4;3;0.083333333;0.9;1;1;Sherifat
338;2;NSRef;0;2;0.05;1;1;1;Rachael
338;3;NSRef;0;2;0.05;1;1;1;Sherifat
386;1;G486;0;0;0;1;1;1;Rachael
386;2;G486;0;2;0.05;1;1;1;Sherifat
386;3;G486;9;3;0.096774194;0.775;1;1;Rachael
386;1;NSRef;1;1;0.025641026;0.975;1;1;Rachael
386;2;NSRef;0;3;0.075;1;1;1;Sherifat
386;3;NSRef;1;0;0;0.975;1;1;Sherifat
443;1;G486;0;0;0;1;1;1;Rachael
443;2;G486;0;0;0;1;1;1;Sherifat
443;3;G486;0;0;0;1;1;1;Sherifat
443;1;NSRef;0;0;0;1;1;1;Sherifat
443;2;NSRef;3;1;0.027027027;0.925;1;1;Rachael
443;3;NSRef;29;6;0.545454545;0.275;1;1;Rachael
563;1;G486;0;3;0.075;1;1;1;Sherifat
563;2;G486;0;20;0.5;1;1;1;Sherifat
563;3;G486;0;6;0.15;1;1;1;Rachael
563;1;NSRef;0;0;0;1;1;1;Rachael
563;2;NSRef;0;1;0.025;1;1;1;Rachael
563;3;NSRef;0;3;0.075;1;1;1;Sherifat
703;1;G486;0;1;0.025;1;1;1;Rachael
703;2;G486;1;7;0.179487179;0.975;1;1;Rachael
703;1;NSRef;1;0;0;0.975;1;1;Rachael
703;3;NSRef;0;1;0.025;1;1;1;Rachael
774;1;G486;0;2;0.05;1;1;1;Rachael
774;2;G486;6;17;0.5;0.85;1;1;Rachael
774;3;G486;0;1;0.025;1;1;1;Rachael
774;1;NSRef;8;1;0.03125;0.8;1;1;Rachael
774;2;NSRef;3;0;0;0.925;1;1;Sherifat
774;3;NSRef;2;2;0.052631579;0.95;1;1;Rachael
796;1;G486;1;1;0.025641026;0.975;1;1;Rachael
796;2;G486;0;3;0.075;1;1;1;Sherifat
796;3;G486;1;4;0.102564103;0.975;1;1;Sherifat
796;1;NSRef;1;2;0.051282051;0.975;1;1;Sherifat
796;2;NSRef;0;1;0.025;1;1;1;Rachael
796;3;NSRef;2;2;0.052631579;0.95;1;1;Sherifat
890;1;G486;0;2;0.05;1;1;1;Sherifat
890;2;G486;1;5;0.128205128;0.975;1;1;Rachael
890;3;G486;1;2;0.051282051;0.975;1;1;Rachael
890;1;NSRef;7;2;0.060606061;0.825;1;1;Sherifat
890;2;NSRef;2;1;0.026315789;0.95;1;1;Sherifat
890;3;NSRef;0;1;0.025;1;1;1;Rachael
40;1;G486;0;25;0.625;1;2;1;Alex
40;2;G486;0;19;0.475;1;2;1;Alex
40;3;G486;1;21;0.538461538;0.975;2;1;Alex
40;1;NSRef;3;0;0;0.925;2;1;Alex
40;2;NSRef;8;1;0.03125;0.8;2;1;Alex
40;3;NSRef;5;1;0.028571429;0.875;2;1;Alex
177;1;G486;1;0;0;0.975;2;1;Alex
177;2;G486;0;0;0;1;2;1;Alex
177;3;G486;31;0;0;0.225;2;1;Alex
177;1;NSRef;0;4;0.1;1;2;1;Alex
177;2;NSRef;2;0;0;0.95;2;1;Alex
177;3;NSRef;0;0;0;1;2;1;Alex
208;1;G486;4;1;0.027777778;0.9;2;1;Alex
208;2;G486;1;0;0;0.975;2;1;Alex
208;3;G486;0;0;0;1;2;1;Alex
208;1;NSRef;0;2;0.05;1;2;1;Alex
208;2;NSRef;6;8;0.235294118;0.85;2;1;Alex
208;3;NSRef;1;1;0.025641026;0.975;2;1;Alex
237;1;G486;1;0;0;0.975;2;1;Alex
237;2;G486;0;0;0;1;2;1;Alex
237;3;G486;0;1;0.025;1;2;1;Alex
237;1;NSRef;5;1;0.028571429;0.875;2;1;Alex
237;2;NSRef;1;1;0.025641026;0.975;2;1;Alex
237;3;NSRef;4;1;0.027777778;0.9;2;1;Alex
313;1;G486;0;0;0;1;2;1;Alex
313;2;G486;1;0;0;0.975;2;1;Alex
313;1;NSRef;2;0;0;0.95;2;1;Alex
313;2;NSRef;0;0;0;1;2;1;Alex
350;1;G486;1;0;0;0.975;2;1;Alex
350;1;NSRef;2;0;0;0.95;2;1;Alex
352;1;G486;2;0;0;0.95;2;1;Alex
352;2;G486;0;1;0.025;1;2;1;Alex
352;3;G486;0;3;0.075;1;2;1;Alex
352;1;NSRef;4;0;0;0.9;2;1;Alex
352;2;NSRef;5;2;0.057142857;0.875;2;1;Alex
352;3;NSRef;1;0;0;0.975;2;1;Alex
356;1;G486;3;1;0.027027027;0.925;2;1;Alex
356;1;NSRef;2;2;0.052631579;0.95;2;1;Alex
356;2;NSRef;1;0;0;0.975;2;1;Alex
427;1;G486;0;0;0;1;2;1;Alex
427;2;G486;0;0;0;1;2;1;Alex
427;3;G486;0;0;0;1;2;1;Alex
427;1;NSRef;3;0;0;0.925;2;1;Alex
427;2;NSRef;2;0;0;0.95;2;1;Alex
427;3;NSRef;6;0;0;0.85;2;1;Alex
737;1;G486;2;2;0.052631579;0.95;2;1;Alex
737;2;G486;1;1;0.025641026;0.975;2;1;Alex
737;3;G486;0;1;0.025;1;2;1;Alex
737;1;NSRef;5;1;0.028571429;0.875;2;1;Alex
737;2;NSRef;2;0;0;0.95;2;1;Alex
737;3;NSRef;5;0;0;0.875;2;1;Alex
748;1;G486;0;6;0.15;1;2;1;Alex
748;2;G486;0;2;0.05;1;2;1;Alex
748;3;G486;0;2;0.05;1;2;1;Alex
748;1;NSRef;0;4;0.1;1;2;1;Alex
748;2;NSRef;1;3;0.076923077;0.975;2;1;Alex
748;3;NSRef;0;2;0.05;1;2;1;Alex
819;1;G486;0;1;0.025;1;2;1;Alex
819;2;G486;0;7;0.175;1;2;1;Alex
819;3;G486;0;1;0.025;1;2;1;Alex
819;1;NSRef;0;1;0.025;1;2;1;Alex
819;2;NSRef;1;5;0.128205128;0.975;2;1;Alex
819;3;NSRef;0;5;0.125;1;2;1;Alex
821;1;G486;1;1;0.025641026;0.975;2;1;Alex
821;2;G486;0;0;0;1;2;1;Alex
821;3;G486;0;0;0;1;2;1;Alex
821;1;NSRef;2;0;0;0.95;2;1;Alex
821;2;NSRef;1;1;0.025641026;0.975;2;1;Alex
821;3;NSRef;0;0;0;1;2;1;Alex
913;1;G486;3;6;0.162162162;0.925;2;1;Alex
913;2;G486;0;1;0.025;1;2;1;Alex
913;3;G486;1;10;0.256410256;0.975;2;1;Alex
913;1;NSRef;0;1;0.025;1;2;1;Alex
913;2;NSRef;4;1;0.027777778;0.9;2;1;Alex
913;3;NSRef;0;0;0;1;2;1;Alex
101;1;G486;2;1;0.026315789;0.95;3;1;Alex
101;2;G486;1;3;0.076923077;0.975;3;1;Alex
101;3;G486;2;4;0.105263158;0.95;3;1;Alex
101;1;NSRef;1;0;0;0.975;3;1;Alex
101;2;NSRef;0;0;0;1;3;1;Alex
101;3;NSRef;6;0;0;0.85;3;1;Alex
129;1;G486;1;0;0;0.975;3;1;Alex
129;2;G486;2;0;0;0.95;3;1;Alex
129;3;G486;1;6;0.153846154;0.975;3;1;Alex
129;1;NSRef;0;4;0.1;1;3;1;Alex
129;2;NSRef;0;3;0.075;1;3;1;Alex
129;3;NSRef;3;10;0.27027027;0.925;3;1;Alex
306;1;G486;1;11;0.282051282;0.975;3;1;Alex
306;2;G486;0;6;0.15;1;3;1;Alex
306;3;G486;0;4;0.1;1;3;1;Alex
306;1;NSRef;3;1;0.027027027;0.925;3;1;Alex
306;2;NSRef;9;6;0.193548387;0.775;3;1;Alex
306;3;NSRef;8;1;0.03125;0.8;3;1;Alex
373;1;G486;1;0;0;0.975;3;1;Alex
373;2;G486;1;0;0;0.975;3;1;Alex
373;3;G486;3;0;0;0.925;3;1;Alex
373;1;NSRef;16;0;0;0.6;3;1;Alex
373;2;NSRef;4;0;0;0.9;3;1;Alex
379;1;G486;2;6;0.157894737;0.95;3;1;Alex
379;2;G486;0;1;0.025;1;3;1;Alex
379;3;G486;2;11;0.289473684;0.95;3;1;Alex
379;1;NSRef;14;0;0;0.65;3;1;Alex
379;2;NSRef;4;1;0.027777778;0.9;3;1;Alex
391;1;G486;0;20;0.5;1;3;1;Alex
391;2;G486;0;14;0.35;1;3;1;Alex
391;3;G486;0;13;0.325;1;3;1;Alex
391;1;NSRef;3;3;0.081081081;0.925;3;1;Alex
391;2;NSRef;2;12;0.315789474;0.95;3;1;Alex
391;3;NSRef;1;10;0.256410256;0.975;3;1;Alex
399;1;G486;0;1;0.025;1;3;1;Alex
399;2;G486;2;4;0.105263158;0.95;3;1;Alex
399;3;G486;4;1;0.027777778;0.9;3;1;Alex
399;1;NSRef;6;1;0.029411765;0.85;3;1;Alex
399;2;NSRef;6;2;0.058823529;0.85;3;1;Alex
399;3;NSRef;1;0;0;0.975;3;1;Alex
486;1;G486;3;3;0.081081081;0.925;3;1;Alex
486;2;G486;6;7;0.205882353;0.85;3;1;Alex
486;1;NSRef;6;5;0.147058824;0.85;3;1;Alex
584;1;G486;2;13;0.342105263;0.95;3;1;Alex
584;2;G486;0;4;0.1;1;3;1;Alex
584;3;G486;0;3;0.075;1;3;1;Alex
584;1;NSRef;5;0;0;0.875;3;1;Alex
584;2;NSRef;3;2;0.054054054;0.925;3;1;Alex
584;3;NSRef;5;4;0.114285714;0.875;3;1;Alex
738;1;G486;8;5;0.15625;0.8;3;1;Alex
738;2;G486;0;0;0;1;3;1;Alex
738;3;G486;0;0;0;1;3;1;Alex
738;1;NSRef;9;1;0.032258065;0.775;3;1;Alex
738;2;NSRef;5;1;0.028571429;0.875;3;1;Alex
738;3;NSRef;6;5;0.147058824;0.85;3;1;Alex
843;1;G486;1;1;0.025641026;0.975;3;1;Alex
843;2;G486;4;9;0.25;0.9;3;1;Alex
843;3;G486;1;4;0.102564103;0.975;3;1;Alex
843;1;NSRef;5;2;0.057142857;0.875;3;1;Alex
843;2;NSRef;0;3;0.075;1;3;1;Alex
843;3;NSRef;0;3;0.075;1;3;1;Alex
882;1;G486;1;1;0.025641026;0.975;3;1;Alex
882;2;G486;0;1;0.025;1;3;1;Alex
882;3;G486;7;1;0.03030303;0.825;3;1;Alex
882;1;NSRef;5;0;0;0.875;3;1;Alex
882;2;NSRef;2;1;0.026315789;0.95;3;1;Alex
882;3;NSRef;4;0;0;0.9;3;1;Alex
907;1;G486;0;1;0.025;1;3;1;Alex
907;2;G486;0;0;0;1;3;1;Alex
907;3;G486;1;10;0.256410256;0.975;3;1;Alex
907;1;NSRef;4;1;0.027777778;0.9;3;1;Alex
907;2;NSRef;2;2;0.052631579;0.95;3;1;Alex
907;3;NSRef;5;2;0.057142857;0.875;3;1;Alex
908;1;G486;0;6;0.15;1;3;1;Alex
908;2;G486;0;3;0.075;1;3;1;Alex
908;3;G486;0;4;0.1;1;3;1;Alex
908;1;NSRef;0;15;0.375;1;3;1;Alex
908;2;NSRef;0;4;0.1;1;3;1;Alex
908;3;NSRef;3;9;0.243243243;0.925;3;1;Alex
26;1;G486;0;0;0;1;4;1;Rachael
26;2;G486;0;0;0;1;4;1;Rebecca
26;1;NSRef;3;0;0;0.925;4;1;Rebecca
26;2;NSRef;1;0;0;0.975;4;1;Rachael
26;3;NSRef;0;0;0;1;4;1;Rachael
32;1;G486;1;0;0;0.975;4;1;Rebecca
32;2;G486;8;5;0.15625;0.8;4;1;Rachael
32;3;G486;0;0;0;1;4;1;Rachael
32;1;NSRef;4;0;0;0.9;4;1;Rebecca
32;2;NSRef;0;0;0;1;4;1;Rachael
32;3;NSRef;9;0;0;0.775;4;1;Rebecca
307;1;G486;0;0;0;1;4;1;Rebecca
307;2;G486;0;1;0.025;1;4;1;Rachael
307;3;G486;0;0;0;1;4;1;Rebecca
307;1;NSRef;1;3;0.076923077;0.975;4;1;Rachael
307;2;NSRef;1;1;0.025641026;0.975;4;1;Rachael
307;3;NSRef;3;0;0;0.925;4;1;Rebecca
321;1;G486;5;7;0.2;0.875;4;1;Rachael
321;2;G486;2;1;0.026315789;0.95;4;1;Rachael
321;3;G486;5;1;0.028571429;0.875;4;1;Rebecca
321;1;NSRef;0;1;0.025;1;4;1;Rebecca
321;2;NSRef;6;2;0.058823529;0.85;4;1;Rachael
321;3;NSRef;0;1;0.025;1;4;1;Rebecca
340;1;NSRef;1;0;0;0.975;4;1;Rebecca
405;1;G486;1;1;0.025641026;0.975;4;1;Rachael
405;2;G486;5;1;0.028571429;0.875;4;1;Rachael
405;3;G486;2;1;0.026315789;0.95;4;1;Rebecca
405;1;NSRef;30;0;0;0.25;4;1;Rebecca
405;2;NSRef;1;3;0.076923077;0.975;4;1;Rachael
405;3;NSRef;1;2;0.051282051;0.975;4;1;Rebecca
491;1;G486;1;9;0.230769231;0.975;4;1;Rebecca
491;2;G486;0;8;0.2;1;4;1;Rachael
491;1;NSRef;2;3;0.078947368;0.95;4;1;Rebecca
491;2;NSRef;9;15;0.483870968;0.775;4;1;Rachael
491;3;NSRef;3;12;0.324324324;0.925;4;1;Rebecca
627;1;G486;2;0;0;0.95;4;1;Rachael
627;2;G486;2;0;0;0.95;4;1;Rebecca
627;3;G486;7;6;0.181818182;0.825;4;1;Rachael
627;1;NSRef;0;0;0;1;4;1;Rebecca
627;2;NSRef;0;2;0.05;1;4;1;Rachael
627;3;NSRef;3;0;0;0.925;4;1;Rebecca
776;1;G486;3;0;0;0.925;4;1;Rebecca
776;2;G486;3;6;0.162162162;0.925;4;1;Rachael
776;3;G486;0;1;0.025;1;4;1;Rachael
776;1;NSRef;4;1;0.027777778;0.9;4;1;Rebecca
776;2;NSRef;2;0;0;0.95;4;1;Rachael
776;3;NSRef;4;4;0.111111111;0.9;4;1;Rebecca
802;1;G486;0;0;0;1;4;1;Rebecca
802;2;G486;6;5;0.147058824;0.85;4;1;Rebecca
802;3;G486;0;2;0.05;1;4;1;Rachael
802;1;NSRef;0;2;0.05;1;4;1;Rachael
802;2;NSRef;1;2;0.051282051;0.975;4;1;Rachael
802;3;NSRef;1;5;0.128205128;0.975;4;1;Rebecca
849;1;G486;2;8;0.210526316;0.95;4;1;Rebecca
849;2;G486;0;13;0.325;1;4;1;Rachael
849;3;G486;0;6;0.15;1;4;1;Rebecca
849;1;NSRef;0;2;0.05;1;4;1;Rachael
849;2;NSRef;1;8;0.205128205;0.975;4;1;Rachael
849;3;NSRef;0;0;0;1;4;1;Rebecca
850;1;G486;7;8;0.242424242;0.825;4;1;Rebecca
850;2;G486;4;5;0.138888889;0.9;4;1;Rebecca
850;3;G486;0;3;0.075;1;4;1;Rachael
850;1;NSRef;2;1;0.026315789;0.95;4;1;Rachael
850;2;NSRef;1;0;0;0.975;4;1;Rachael
850;3;NSRef;1;1;0.025641026;0.975;4;1;Rebecca
857;1;G486;1;2;0.051282051;0.975;4;1;Rachael
857;2;G486;1;0;0;0.975;4;1;Rebecca
857;1;NSRef;2;2;0.052631579;0.95;4;1;Rebecca
857;2;NSRef;0;0;0;1;4;1;Rachael
21;1;G486;0;6;0.15;1;5;1;Rebecca
21;2;G486;0;4;0.1;1;5;1;Rachael
21;3;G486;0;7;0.175;1;5;1;Rachael
21;1;NSRef;1;6;0.153846154;0.975;5;1;Rebecca
21;2;NSRef;3;0;0;0.925;5;1;Rebecca
21;3;NSRef;1;5;0.128205128;0.975;5;1;Rachael
195;1;G486;19;3;0.142857143;0.525;5;1;Rachael
195;2;G486;1;0;0;0.975;5;1;Rebecca
195;3;G486;0;1;0.025;1;5;1;Rebecca
195;1;NSRef;3;1;0.027027027;0.925;5;1;Rachael
195;2;NSRef;2;2;0.052631579;0.95;5;1;Rachael
195;3;NSRef;7;1;0.03030303;0.825;5;1;Rebecca
235;1;G486;2;6;0.157894737;0.95;5;1;Rachael
235;2;G486;6;11;0.323529412;0.85;5;1;Rachael
235;3;G486;10;5;0.166666667;0.75;5;1;Rebecca
235;1;NSRef;4;4;0.111111111;0.9;5;1;Rachael
235;2;NSRef;2;4;0.105263158;0.95;5;1;Alex
235;3;NSRef;2;5;0.131578947;0.95;5;1;Rebecca
320;1;G486;1;1;0.025641026;0.975;5;1;Rebecca
320;2;G486;0;6;0.15;1;5;1;Rachael
320;3;G486;3;5;0.135135135;0.925;5;1;Rebecca
320;1;NSRef;3;1;0.027027027;0.925;5;1;Rebecca
320;2;NSRef;2;5;0.131578947;0.95;5;1;Rachael
320;3;NSRef;3;13;0.351351351;0.925;5;1;Rachael
355;1;G486;0;3;0.075;1;5;1;Rebecca
355;2;G486;1;2;0.051282051;0.975;5;1;Rachael
355;1;NSRef;3;1;0.027027027;0.925;5;1;Rachael
355;2;NSRef;1;0;0;0.975;5;1;Rebecca
355;3;NSRef;6;2;0.058823529;0.85;5;1;Rachael
359;1;G486;3;0;0;0.925;5;1;Rebecca
359;2;G486;6;4;0.117647059;0.85;5;1;Rebecca
359;3;G486;1;0;0;0.975;5;1;Rachael
359;1;NSRef;0;3;0.075;1;5;1;Rachael
359;2;NSRef;1;0;0;0.975;5;1;Rebecca
359;3;NSRef;0;4;0.1;1;5;1;Rachael
392;1;G486;2;0;0;0.95;5;1;Rebecca
392;1;NSRef;4;3;0.083333333;0.9;5;1;Rachael
437;1;G486;0;15;0.375;1;5;1;Rachael
437;2;G486;0;11;0.275;1;5;1;Rebecca
437;3;G486;1;16;0.41025641;0.975;5;1;Rachael
437;1;NSRef;6;3;0.088235294;0.85;5;1;Rebecca
437;2;NSRef;17;12;0.52173913;0.575;5;1;Rachael
437;3;NSRef;13;8;0.296296296;0.675;5;1;Rebecca
439;1;G486;0;0;0;1;5;1;Rebecca
439;2;G486;27;11;0.846153846;0.325;5;1;Rachael
439;3;G486;4;0;0;0.9;5;1;Rebecca
439;1;NSRef;2;3;0.078947368;0.95;5;1;Rachael
439;2;NSRef;4;5;0.138888889;0.9;5;1;Rebecca
439;3;NSRef;1;4;0.102564103;0.975;5;1;Rachael
509;1;G486;1;0;0;0.975;5;1;Rebecca
509;2;G486;5;9;0.257142857;0.875;5;1;Rachael
509;3;G486;1;0;0;0.975;5;1;Rebecca
509;1;NSRef;1;6;0.153846154;0.975;5;1;Rachael
509;2;NSRef;1;3;0.076923077;0.975;5;1;Rebecca
509;3;NSRef;0;1;0.025;1;5;1;Rachael
528;1;G486;2;9;0.236842105;0.95;5;1;Rachael
528;2;G486;3;7;0.189189189;0.925;5;1;Rebecca
528;3;G486;2;5;0.131578947;0.95;5;1;Rachael
528;1;NSRef;0;3;0.075;1;5;1;Rebecca
528;2;NSRef;3;1;0.027027027;0.925;5;1;Rachael
528;3;NSRef;0;3;0.075;1;5;1;Rebecca
551;1;G486;9;10;0.322580645;0.775;5;1;Rachael
551;2;G486;2;5;0.131578947;0.95;5;1;Rachael
551;3;G486;3;0;0;0.925;5;1;Rebecca
551;1;NSRef;1;2;0.051282051;0.975;5;1;Rachael
551;2;NSRef;13;7;0.259259259;0.675;5;1;Rebecca
551;3;NSRef;2;1;0.026315789;0.95;5;1;Rebecca
630;1;G486;1;2;0.051282051;0.975;5;1;Rebecca
630;2;G486;3;12;0.324324324;0.925;5;1;Rachael
630;3;G486;0;0;0;1;5;1;Rachael
630;1;NSRef;0;0;0;1;5;1;Rebecca
630;2;NSRef;2;2;0.052631579;0.95;5;1;Rebecca
787;1;G486;11;7;0.24137931;0.725;5;1;Rebecca
787;2;G486;0;0;0;1;5;1;Rachael
787;3;G486;0;0;0;1;5;1;Rebecca
787;1;NSRef;2;5;0.131578947;0.95;5;1;Rachael
787;2;NSRef;1;5;0.128205128;0.975;5;1;Rachael
787;3;NSRef;4;3;0.083333333;0.9;5;1;Rebecca
31;1;G486;0;17;0.425;1;6;1;Sherifat
31;2;G486;1;11;0.282051282;0.975;6;1;Sherifat
31;3;G486;0;1;0.025;1;6;1;Rachael
31;1;NSRef;0;1;0.025;1;6;1;Sherifat
31;2;NSRef;2;1;0.026315789;0.95;6;1;Rachael
31;3;NSRef;0;0;0;1;6;1;Rachael
59;1;G486;1;2;0.051282051;0.975;6;1;Rachael
59;2;G486;3;7;0.189189189;0.925;6;1;Sherifat
59;3;G486;1;3;0.076923077;0.975;6;1;Sherifat
59;1;NSRef;3;1;0.027027027;0.925;6;1;Sherifat
59;2;NSRef;1;1;0.025641026;0.975;6;1;Rachael
59;3;NSRef;0;3;0.075;1;6;1;Rachael
301;1;G486;1;3;0.076923077;0.975;6;1;Rachael
301;2;G486;0;7;0.175;1;6;1;Sherifat
301;1;NSRef;2;3;0.078947368;0.95;6;1;Sherifat
301;2;NSRef;1;2;0.051282051;0.975;6;1;Rachael
301;3;NSRef;0;0;0;1;6;1;Rachael
362;1;G486;0;3;0.075;1;6;1;Sherifat
362;2;G486;0;0;0;1;6;1;Sherifat
362;3;G486;0;3;0.075;1;6;1;Rachael
362;1;NSRef;3;1;0.027027027;0.925;6;1;Rachael
362;2;NSRef;2;3;0.078947368;0.95;6;1;Sherifat
362;3;NSRef;2;1;0.026315789;0.95;6;1;Rachael
370;1;G486;2;0;0;0.95;6;1;Rachael
370;2;G486;1;1;0.025641026;0.975;6;1;Sherifat
370;3;G486;3;0;0;0.925;6;1;Rachael
370;1;NSRef;2;4;0.105263158;0.95;6;1;Sherifat
370;2;NSRef;0;1;0.025;1;6;1;Sherifat
370;3;NSRef;0;1;0.025;1;6;1;Rachael
535;1;G486;3;3;0.081081081;0.925;6;1;Rachael
535;2;G486;0;0;0;1;6;1;Rachael
535;3;G486;0;8;0.2;1;6;1;Sherifat
535;1;NSRef;2;2;0.052631579;0.95;6;1;Rachael
535;2;NSRef;0;1;0.025;1;6;1;Sherifat
535;3;NSRef;4;5;0.138888889;0.9;6;1;Sherifat
712;1;NSRef;2;1;0.026315789;0.95;6;1;Sherifat
716;1;G486;1;0;0;0.975;6;1;Sherifat
716;2;G486;1;2;0.051282051;0.975;6;1;Rachael
716;3;G486;6;6;0.176470588;0.85;6;1;Rachael
716;1;NSRef;1;0;0;0.975;6;1;Sherifat
716;2;NSRef;0;0;0;1;6;1;Sherifat
716;3;NSRef;0;5;0.125;1;6;1;Rachael
822;1;G486;2;4;0.105263158;0.95;6;1;Sherifat
822;2;G486;2;6;0.157894737;0.95;6;1;Sherifat
822;3;G486;4;3;0.083333333;0.9;6;1;Rachael
822;1;NSRef;3;3;0.081081081;0.925;6;1;Rachael
822;2;NSRef;1;2;0.051282051;0.975;6;1;Rachael
822;3;NSRef;5;2;0.057142857;0.875;6;1;Sherifat
852;1;G486;0;0;0;1;6;1;Rachael
852;2;G486;0;1;0.025;1;6;1;Sherifat
852;3;G486;21;7;0.368421053;0.475;6;1;Sherifat
852;1;NSRef;0;1;0.025;1;6;1;Sherifat
852;2;NSRef;2;1;0.026315789;0.95;6;1;Rachael
852;3;NSRef;2;1;0.026315789;0.95;6;1;Rachael
855;1;G486;0;1;0.025;1;6;1;Rachael
855;2;G486;0;1;0.025;1;6;1;Sherifat
855;3;G486;1;1;0.025641026;0.975;6;1;Rachael
855;1;NSRef;2;0;0;0.95;6;1;Rachael
855;2;NSRef;1;4;0.102564103;0.975;6;1;Sherifat
855;3;NSRef;5;2;0.057142857;0.875;6;1;Sherifat
858;1;G486;0;5;0.125;1;6;1;Rachael
858;2;G486;1;3;0.076923077;0.975;6;1;Sherifat
858;3;G486;0;2;0.05;1;6;1;Sherifat
858;1;NSRef;2;2;0.052631579;0.95;6;1;Rachael
858;2;NSRef;5;3;0.085714286;0.875;6;1;Sherifat
858;3;NSRef;2;1;0.026315789;0.95;6;1;Rachael
859;1;G486;0;5;0.125;1;6;1;Rachael
859;2;G486;3;7;0.189189189;0.925;6;1;Sherifat
859;3;G486;6;7;0.205882353;0.85;6;1;Rachael
859;1;NSRef;0;1;0.025;1;6;1;Sherifat
859;2;NSRef;0;6;0.15;1;6;1;Sherifat
859;3;NSRef;1;2;0.051282051;0.975;6;1;Rachael
38;1;G486;2;0;0;0.95;7;1;Alex
38;2;G486;3;0;0;0.925;7;1;Alex
38;3;G486;6;0;0;0.85;7;1;Alex
38;1;NSRef;6;0;0;0.85;7;1;Alex
38;2;NSRef;4;0;0;0.9;7;1;Alex
38;3;NSRef;6;0;0;0.85;7;1;Rebecca
109;1;G486;0;0;0;1;7;1;Alex
109;2;G486;0;0;0;1;7;1;Rebecca
109;3;G486;0;0;0;1;7;1;Alex
109;1;NSRef;3;0;0;0.925;7;1;Alex
109;2;NSRef;2;0;0;0.95;7;1;Rebecca
109;3;NSRef;2;1;0.026315789;0.95;7;1;Rebecca
189;1;G486;0;0;0;1;7;1;Rebecca
189;2;G486;0;1;0.025;1;7;1;Rebecca
189;3;G486;2;0;0;0.95;7;1;Alex
189;1;NSRef;4;1;0.027777778;0.9;7;1;Alex
189;2;NSRef;21;0;0;0.475;7;1;Rebecca
189;3;NSRef;3;1;0.027027027;0.925;7;1;Rebecca
239;1;G486;2;0;0;0.95;7;1;Rebecca
239;2;G486;1;0;0;0.975;7;1;Alex
239;3;G486;4;0;0;0.9;7;1;Alex
239;1;NSRef;0;1;0.025;1;7;1;Rebecca
239;2;NSRef;2;1;0.026315789;0.95;7;1;Rebecca
239;3;NSRef;3;2;0.054054054;0.925;7;1;Alex
280;1;G486;1;9;0.230769231;0.975;7;1;Rebecca
280;2;G486;0;0;0;1;7;1;Rebecca
280;3;G486;2;6;0.157894737;0.95;7;1;Rebecca
280;1;NSRef;1;7;0.179487179;0.975;7;1;Alex
280;2;NSRef;3;3;0.081081081;0.925;7;1;Alex
280;3;NSRef;3;1;0.027027027;0.925;7;1;Alex
361;1;G486;0;2;0.05;1;7;1;Rebecca
361;2;G486;6;0;0;0.85;7;1;Alex
361;3;G486;2;1;0.026315789;0.95;7;1;Rebecca
361;1;NSRef;0;1;0.025;1;7;1;Rebecca
361;2;NSRef;0;5;0.125;1;7;1;Alex
361;3;NSRef;11;8;0.275862069;0.725;7;1;Alex
406;1;G486;2;0;0;0.95;7;1;Rebecca
406;2;G486;2;2;0.052631579;0.95;7;1;Rebecca
406;3;G486;17;0;0;0.575;7;1;Rebecca
406;1;NSRef;4;3;0.083333333;0.9;7;1;Rebecca
406;2;NSRef;3;0;0;0.925;7;1;Rebecca
406;3;NSRef;3;3;0.081081081;0.925;7;1;Rebecca
440;1;G486;1;1;0.025641026;0.975;7;1;Alex
440;2;G486;1;4;0.102564103;0.975;7;1;Alex
440;3;G486;0;2;0.05;1;7;1;Rebecca
440;1;NSRef;1;9;0.230769231;0.975;7;1;Alex
440;2;NSRef;3;1;0.027027027;0.925;7;1;Alex
440;3;NSRef;1;1;0.025641026;0.975;7;1;Alex
589;1;G486;20;19;0.95;0.5;7;1;Alex
589;2;G486;2;10;0.263157895;0.95;7;1;Rebecca
589;3;G486;0;16;0.4;1;7;1;Alex
589;1;NSRef;3;0;0;0.925;7;1;Rebecca
589;2;NSRef;6;0;0;0.85;7;1;Rebecca
589;3;NSRef;2;0;0;0.95;7;1;Rebecca
595;1;G486;0;1;0.025;1;7;1;Rebecca
595;2;G486;1;0;0;0.975;7;1;Alex
595;3;G486;7;0;0;0.825;7;1;Alex
595;1;NSRef;6;0;0;0.85;7;1;Rebecca
595;2;NSRef;3;2;0.054054054;0.925;7;1;Alex
595;3;NSRef;3;2;0.054054054;0.925;7;1;Alex
808;1;G486;11;4;0.137931034;0.725;7;1;Rebecca
808;2;G486;12;3;0.107142857;0.7;7;1;Alex
808;3;G486;17;0;0;0.575;7;1;Rebecca
808;1;NSRef;5;0;0;0.875;7;1;Rebecca
808;2;NSRef;1;1;0.025641026;0.975;7;1;Alex
808;3;NSRef;4;1;0.027777778;0.9;7;1;Alex
818;1;G486;7;4;0.121212121;0.825;7;1;Rebecca
818;2;G486;5;4;0.114285714;0.875;7;1;Alex
818;3;G486;1;0;0;0.975;7;1;Alex
818;1;NSRef;6;0;0;0.85;7;1;Alex
818;2;NSRef;3;0;0;0.925;7;1;Alex
818;3;NSRef;2;0;0;0.95;7;1;Rebecca
853;1;G486;3;2;0.054054054;0.925;7;1;Alex
853;2;G486;1;1;0.025641026;0.975;7;1;Alex
853;3;G486;3;3;0.081081081;0.925;7;1;Alex
853;1;NSRef;1;2;0.051282051;0.975;7;1;Alex
853;2;NSRef;2;1;0.026315789;0.95;7;1;Alex
853;3;NSRef;4;2;0.055555556;0.9;7;1;Rebecca
894;1;G486;4;0;0;0.9;7;1;Alex
894;2;G486;5;2;0.057142857;0.875;7;1;Rebecca
894;3;G486;0;2;0.05;1;7;1;Rebecca
894;1;NSRef;2;1;0.026315789;0.95;7;1;Rebecca
894;2;NSRef;2;0;0;0.95;7;1;Rebecca
894;3;NSRef;2;0;0;0.95;7;1;Rebecca
897;1;G486;3;20;0.540540541;0.925;7;1;Rebecca
897;2;G486;3;25;0.675675676;0.925;7;1;Alex
897;3;G486;0;16;0.4;1;7;1;Rebecca
897;1;NSRef;0;3;0.075;1;7;1;Rebecca
897;2;NSRef;0;2;0.05;1;7;1;Rebecca
897;3;NSRef;4;0;0;0.9;7;1;Rebecca
91;1;G486;1;2;0.051282051;0.975;8;1;Alex
91;2;G486;10;4;0.133333333;0.75;8;1;Rebecca
91;3;G486;3;1;0.027027027;0.925;8;1;Alex
91;1;NSRef;15;1;0.04;0.625;8;1;Rebecca
91;2;NSRef;8;0;0;0.8;8;1;Alex
91;3;NSRef;2;2;0.052631579;0.95;8;1;Alex
161;1;NSRef;3;0;0;0.925;8;1;Rebecca
181;1;G486;0;0;0;1;8;1;Rebecca
181;2;G486;1;1;0.025641026;0.975;8;1;Rebecca
181;3;G486;0;2;0.05;1;8;1;Rebecca
181;1;NSRef;5;2;0.057142857;0.875;8;1;Rebecca
181;2;NSRef;2;0;0;0.95;8;1;Alex
181;3;NSRef;6;2;0.058823529;0.85;8;1;Rebecca
303;1;G486;0;1;0.025;1;8;1;Alex
303;2;G486;0;1;0.025;1;8;1;Alex
303;3;G486;0;4;0.1;1;8;1;Rebecca
303;1;NSRef;2;2;0.052631579;0.95;8;1;Rebecca
303;2;NSRef;2;0;0;0.95;8;1;Rebecca
303;3;NSRef;13;4;0.148148148;0.675;8;1;Alex
304;1;G486;4;0;0;0.9;8;1;Alex
304;2;G486;14;0;0;0.65;8;1;Alex
304;3;G486;3;1;0.027027027;0.925;8;1;Alex
304;1;NSRef;3;0;0;0.925;8;1;Rebecca
304;2;NSRef;1;0;0;0.975;8;1;Rebecca
304;3;NSRef;2;0;0;0.95;8;1;Rebecca
317;1;G486;0;10;0.25;1;8;1;Alex
317;2;G486;1;4;0.102564103;0.975;8;1;Alex
317;3;G486;1;16;0.41025641;0.975;8;1;Alex
317;1;NSRef;9;1;0.032258065;0.775;8;1;Alex
317;2;NSRef;0;1;0.025;1;8;1;Rebecca
317;3;NSRef;9;6;0.193548387;0.775;8;1;Alex
335;1;G486;1;11;0.282051282;0.975;8;1;Rebecca
335;1;NSRef;4;3;0.083333333;0.9;8;1;Alex
382;1;G486;0;0;0;1;8;1;Rebecca
382;2;G486;3;3;0.081081081;0.925;8;1;Alex
382;1;NSRef;18;3;0.136363636;0.55;8;1;Alex
382;2;NSRef;9;3;0.096774194;0.775;8;1;Rebecca
530;1;G486;1;12;0.307692308;0.975;8;1;Rebecca
530;2;G486;0;11;0.275;1;8;1;Rebecca
530;3;G486;0;12;0.3;1;8;1;Rebecca
530;1;NSRef;8;0;0;0.8;8;1;Rebecca
530;2;NSRef;4;0;0;0.9;8;1;Rebecca
530;3;NSRef;4;2;0.055555556;0.9;8;1;Alex
705;1;G486;2;2;0.052631579;0.95;8;1;Rebecca
705;2;G486;1;1;0.025641026;0.975;8;1;Alex
705;1;NSRef;6;9;0.264705882;0.85;8;1;Alex
705;2;NSRef;1;0;0;0.975;8;1;Rebecca
705;3;NSRef;5;3;0.085714286;0.875;8;1;Alex
783;1;G486;0;1;0.025;1;8;1;Rebecca
783;2;G486;0;8;0.2;1;8;1;Rebecca
783;3;G486;0;1;0.025;1;8;1;Alex
783;1;NSRef;5;14;0.4;0.875;8;1;Alex
783;2;NSRef;24;0;0;0.4;8;1;Rebecca
783;3;NSRef;4;5;0.138888889;0.9;8;1;Alex
804;1;G486;1;1;0.025641026;0.975;8;1;Alex
804;2;G486;4;2;0.055555556;0.9;8;1;Alex
804;3;G486;8;1;0.03125;0.8;8;1;Rebecca
804;1;NSRef;2;0;0;0.95;8;1;Alex
804;2;NSRef;4;0;0;0.9;8;1;Rebecca
804;3;NSRef;6;3;0.088235294;0.85;8;1;Rebecca
879;1;G486;3;3;0.081081081;0.925;8;1;Alex
879;2;G486;0;0;0;1;8;1;Rebecca
879;3;G486;3;1;0.027027027;0.925;8;1;Rebecca
879;1;NSRef;5;1;0.028571429;0.875;8;1;Alex
879;2;NSRef;6;7;0.205882353;0.85;8;1;Alex
879;3;NSRef;15;5;0.2;0.625;8;1;Rebecca
892;1;G486;0;1;0.025;1;8;1;Rebecca
892;2;G486;0;0;0;1;8;1;Rebecca
892;3;G486;0;2;0.05;1;8;1;Alex
892;1;NSRef;0;5;0.125;1;8;1;Alex
892;2;NSRef;14;10;0.384615385;0.65;8;1;Alex
892;3;NSRef;1;12;0.307692308;0.975;8;1;Alex
28;1;G486;4;2;0.055555556;0.9;9;1;Sherifat
28;1;NSRef;2;2;0.052631579;0.95;9;1;
136;1;NSRef;0;2;0.05;1;9;1;Sherifat
217;1;G486;2;0;0;0.95;9;1;Rebecca
217;2;G486;1;0;0;0.975;9;1;Rebecca
217;3;G486;0;3;0.075;1;9;1;Sherifat
217;1;NSRef;1;1;0.025641026;0.975;9;1;Rebecca
217;2;NSRef;0;5;0.125;1;9;1;Rebecca
217;3;NSRef;3;0;0;0.925;9;1;Rebecca
360;1;G486;2;0;0;0.95;9;1;Sherifat
360;2;G486;10;0;0;0.75;9;1;Rebecca
360;3;G486;2;0;0;0.95;9;1;Sherifat
360;1;NSRef;1;3;0.076923077;0.975;9;1;Sherifat
360;2;NSRef;8;0;0;0.8;9;1;Rebecca
360;3;NSRef;4;1;0.027777778;0.9;9;1;Sherifat
380;1;G486;11;10;0.344827586;0.725;9;1;Sherifat
380;2;G486;0;0;0;1;9;1;Sherifat
380;3;G486;0;1;0.025;1;9;1;Sherifat
380;1;NSRef;8;3;0.09375;0.8;9;1;Sherifat
380;2;NSRef;10;1;0.033333333;0.75;9;1;Sherifat
380;3;NSRef;6;4;0.117647059;0.85;9;1;Sherifat
381;1;G486;0;0;0;1;9;1;Sherifat
381;2;G486;2;0;0;0.95;9;1;Rebecca
381;1;NSRef;0;1;0.025;1;9;1;Sherifat
381;2;NSRef;4;0;0;0.9;9;1;Rebecca
381;3;NSRef;0;0;0;1;9;1;Rebecca
385;1;G486;3;14;0.378378378;0.925;9;1;Rebecca
385;2;G486;1;2;0.051282051;0.975;9;1;Sherifat
385;3;G486;0;1;0.025;1;9;1;Rebecca
385;1;NSRef;12;1;0.035714286;0.7;9;1;Sherifat
385;2;NSRef;1;0;0;0.975;9;1;Rebecca
390;1;G486;2;0;0;0.95;9;1;Rebecca
390;2;G486;2;6;0.157894737;0.95;9;1;Sherifat
390;3;G486;1;0;0;0.975;9;1;Rebecca
390;1;NSRef;3;0;0;0.925;9;1;Sherifat
390;2;NSRef;2;3;0.078947368;0.95;9;1;Rebecca
390;3;NSRef;4;0;0;0.9;9;1;Sherifat
395;1;G486;6;2;0.058823529;0.85;9;1;Sherifat
395;2;G486;2;0;0;0.95;9;1;Sherifat
395;3;G486;1;0;0;0.975;9;1;Rebecca
395;1;NSRef;1;5;0.128205128;0.975;9;1;Rebecca
395;2;NSRef;6;0;0;0.85;9;1;Sherifat
395;3;NSRef;4;8;0.222222222;0.9;9;1;Rebecca
409;1;G486;1;1;0.025641026;0.975;9;1;Rebecca
409;2;G486;3;2;0.054054054;0.925;9;1;Sherifat
409;1;NSRef;0;3;0.075;1;9;1;Sherifat
409;2;NSRef;2;0;0;0.95;9;1;Rebecca
861;1;G486;0;0;0;1;9;1;Rebecca
861;2;G486;4;6;0.166666667;0.9;9;1;Rebecca
861;3;G486;0;2;0.05;1;9;1;Rebecca
861;1;NSRef;9;0;0;0.775;9;1;Rebecca
861;2;NSRef;1;0;0;0.975;9;1;Rebecca
861;3;NSRef;1;0;0;0.975;9;1;Sherifat
45;1;G486;7;4;0.121212121;0.825;10;1;Rebecca
45;2;G486;0;1;0.025;1;10;1;Sherifat
45;3;G486;0;0;0;1;10;1;Rebecca
45;1;NSRef;1;2;0.051282051;0.975;10;1;Rebecca
45;2;NSRef;1;3;0.076923077;0.975;10;1;Sherifat
45;3;NSRef;0;1;0.025;1;10;1;Rebecca
176;1;G486;0;9;0.225;1;10;1;Sherifat
176;2;G486;0;0;0;1;10;1;Sherifat
176;3;G486;0;3;0.075;1;10;1;Sherifat
176;1;NSRef;2;0;0;0.95;10;1;Rebecca
176;2;NSRef;0;0;0;1;10;1;Sherifat
176;3;NSRef;6;0;0;0.85;10;1;Rebecca
319;1;G486;2;0;0;0.95;10;1;Rebecca
319;2;G486;0;1;0.025;1;10;1;Sherifat
319;3;G486;0;1;0.025;1;10;1;Sherifat
319;1;NSRef;2;1;0.026315789;0.95;10;1;Sherifat
319;2;NSRef;0;0;0;1;10;1;Sherifat
319;3;NSRef;6;0;0;0.85;10;1;Rebecca
375;1;G486;0;5;0.125;1;10;1;Rebecca
375;1;NSRef;2;0;0;0.95;10;1;Rebecca
375;2;NSRef;9;0;0;0.775;10;1;Rebecca
397;1;G486;2;7;0.184210526;0.95;10;1;Sherifat
397;2;G486;0;3;0.075;1;10;1;Sherifat
397;1;NSRef;0;1;0.025;1;10;1;Sherifat
397;2;NSRef;6;0;0;0.85;10;1;Rebecca
508;1;G486;1;3;0.076923077;0.975;10;1;Rebecca
508;2;G486;0;1;0.025;1;10;1;Rebecca
508;3;G486;0;0;0;1;10;1;Sherifat
508;1;NSRef;0;1;0.025;1;10;1;Rebecca
508;2;NSRef;0;0;0;1;10;1;Rebecca
508;3;NSRef;1;0;0;0.975;10;1;Rebecca
517;1;G486;1;12;0.307692308;0.975;10;1;Sherifat
517;2;G486;5;5;0.142857143;0.875;10;1;Sherifat
517;3;G486;0;0;0;1;10;1;Rebecca
517;1;NSRef;0;1;0.025;1;10;1;Sherifat
517;2;NSRef;2;4;0.105263158;0.95;10;1;Sherifat
517;3;NSRef;0;3;0.075;1;10;1;Sherifat
721;1;G486;0;9;0.225;1;10;1;Sherifat
721;1;NSRef;3;0;0;0.925;10;1;Rebecca
820;1;G486;5;4;0.114285714;0.875;10;1;Sherifat
820;1;NSRef;5;1;0.028571429;0.875;10;1;Sherifat
900;1;G486;0;1;0.025;1;10;1;Sherifat
900;2;G486;0;0;0;1;10;1;Rebecca
900;3;G486;0;0;0;1;10;1;Rebecca
900;1;NSRef;1;1;0.025641026;0.975;10;1;Rebecca
900;2;NSRef;1;0;0;0.975;10;1;Rebecca
900;3;NSRef;2;0;0;0.95;10;1;Rebecca
911;1;G486;0;7;0.175;1;10;1;Sherifat
911;2;G486;0;2;0.05;1;10;1;Rebecca
911;3;G486;0;0;0;1;10;1;Rebecca
911;1;NSRef;1;3;0.076923077;0.975;10;1;Sherifat
911;2;NSRef;1;1;0.025641026;0.975;10;1;Sherifat
911;3;NSRef;3;1;0.027027027;0.925;10;1;Sherifat
57;1;G486;0;1;0.025;1;11;1;Rebecca
57;2;G486;2;2;0.052631579;0.95;11;1;Rebecca
57;3;G486;0;0;0;1;11;1;Rebecca
57;1;NSRef;5;0;0;0.875;11;1;Rachael
57;2;NSRef;0;1;0.025;1;11;1;Rebecca
57;3;NSRef;13;0;0;0.675;11;1;Rachael
105;1;G486;1;3;0.076923077;0.975;11;1;Rebecca
105;2;G486;3;13;0.351351351;0.925;11;1;Rebecca
105;3;G486;0;1;0.025;1;11;1;Rebecca
105;1;NSRef;1;3;0.076923077;0.975;11;1;Alex
105;3;NSRef;2;4;0.105263158;0.95;11;1;Rebecca
138;1;G486;0;0;0;1;11;1;Alex
138;1;NSRef;1;0;0;0.975;11;1;Rebecca
153;1;G486;0;0;0;1;11;1;Alex
153;2;G486;1;2;0.051282051;0.975;11;1;Alex
153;3;G486;0;1;0.025;1;11;1;Rebecca
153;1;NSRef;7;0;0;0.825;11;1;Rebecca
153;2;NSRef;14;0;0;0.65;11;1;Rebecca
153;3;NSRef;1;1;0.025641026;0.975;11;1;Rebecca
287;1;G486;2;12;0.315789474;0.95;11;1;Rebecca
287;2;G486;1;11;0.282051282;0.975;11;1;Rachael
287;3;G486;0;17;0.425;1;11;1;Rachael
287;1;NSRef;6;0;0;0.85;11;1;Rebecca
287;2;NSRef;9;9;0.290322581;0.775;11;1;Rachael
287;3;NSRef;8;5;0.15625;0.8;11;1;Rachael
367;1;G486;0;1;0.025;1;11;1;Rebecca
367;2;G486;0;2;0.05;1;11;1;Rebecca
367;3;G486;0;2;0.05;1;11;1;Rebecca
367;1;NSRef;1;0;0;0.975;11;1;Rebecca
367;2;NSRef;1;0;0;0.975;11;1;Rebecca
367;3;NSRef;8;1;0.03125;0.8;11;1;Alex
374;2;G486;21;5;0.263157895;0.475;11;1;Rachael
374;1;NSRef;18;0;0;0.55;11;1;Rebecca
374;2;NSRef;9;0;0;0.775;11;1;Rebecca
426;1;G486;1;0;0;0.975;11;1;Rachael
426;2;G486;0;2;0.05;1;11;1;Rebecca
426;3;G486;0;4;0.1;1;11;1;Alex
426;1;NSRef;2;3;0.078947368;0.95;11;1;Rebecca
426;2;NSRef;7;0;0;0.825;11;1;Rachael
426;3;NSRef;3;1;0.027027027;0.925;11;1;Alex
513;1;G486;0;0;0;1;11;1;Alex
513;2;G486;3;2;0.054054054;0.925;11;1;Rachael
513;3;G486;0;0;0;1;11;1;Rachael
513;1;NSRef;1;0;0;0.975;11;1;Alex
513;2;NSRef;3;0;0;0.925;11;1;Rebecca
513;3;NSRef;4;1;0.027777778;0.9;11;1;Rebecca
555;1;G486;1;2;0.051282051;0.975;11;1;Rebecca
555;2;G486;1;2;0.051282051;0.975;11;1;Rebecca
555;3;G486;1;1;0.025641026;0.975;11;1;Rebecca
555;1;NSRef;20;0;0;0.5;11;1;Rebecca
555;2;NSRef;0;3;0.075;1;11;1;Alex
555;3;NSRef;4;2;0.055555556;0.9;11;1;Rebecca
566;1;G486;4;26;0.722222222;0.9;11;1;Rachael
566;2;G486;1;22;0.564102564;0.975;11;1;Rachael
566;3;G486;1;21;0.538461538;0.975;11;1;Rachael
566;1;NSRef;3;3;0.081081081;0.925;11;1;Rebecca
566;2;NSRef;2;1;0.026315789;0.95;11;1;Rebecca
566;3;NSRef;13;2;0.074074074;0.675;11;1;Rachael
707;1;G486;0;0;0;1;11;1;Alex
707;1;NSRef;13;1;0.037037037;0.675;11;1;Rachael
790;1;G486;1;1;0.025641026;0.975;11;1;Rachael
790;2;G486;0;1;0.025;1;11;1;Rebecca
790;3;G486;6;12;0.352941176;0.85;11;1;Rachael
790;1;NSRef;0;1;0.025;1;11;1;Alex
790;2;NSRef;4;5;0.138888889;0.9;11;1;Alex
790;3;NSRef;2;3;0.078947368;0.95;11;1;Rachael
75;1;G486;7;1;0.03030303;0.825;12;1;Rachael
75;2;G486;0;0;0;1;12;1;Rachael
75;3;G486;2;1;0.026315789;0.95;12;1;Rachael
75;2;NSRef;5;1;0.028571429;0.875;12;1;Rachael
75;3;NSRef;4;0;0;0.9;12;1;Rachael
83;1;G486;4;0;0;0.9;12;1;Rachael
83;1;NSRef;0;1;0.025;1;12;1;Rachael
83;3;NSRef;3;1;0.027027027;0.925;12;1;Rachael
93;1;G486;2;0;0;0.95;12;1;Rachael
93;2;G486;17;0;0;0.575;12;1;Rachael
93;3;G486;5;0;0;0.875;12;1;Rachael
93;1;NSRef;20;0;0;0.5;12;1;Rachael
93;3;NSRef;21;0;0;0.475;12;1;Rachael
100;2;NSRef;10;1;0.033333333;0.75;12;1;Rachael
158;1;G486;0;3;0.075;1;12;1;Rachael
309;2;G486;3;0;0;0.925;12;1;Rachael
309;2;NSRef;3;0;0;0.925;12;1;Rachael
309;3;NSRef;2;0;0;0.95;12;1;Rachael
310;2;G486;4;1;0.027777778;0.9;12;1;Rachael
310;1;NSRef;7;0;0;0.825;12;1;Rachael
310;2;NSRef;8;2;0.0625;0.8;12;1;Rachael
310;3;NSRef;1;2;0.051282051;0.975;12;1;Rachael
332;1;NSRef;4;0;0;0.9;12;1;Rachael
492;1;G486;8;2;0.0625;0.8;12;1;Rachael
492;3;G486;0;0;0;1;12;1;Rachael
801;1;G486;0;0;0;1;12;1;Rachael
801;2;NSRef;2;1;0.026315789;0.95;12;1;Rachael
48;1;G486;1;0;0;0.975;13;2;Alex
48;2;G486;0;1;0.025;1;13;2;Alex
48;1;NSRef;1;0;0;0.975;13;2;Alex
48;2;NSRef;4;1;0.027777778;0.9;13;2;Alex
217;1;G486;3;1;0.027027027;0.925;13;2;Alex
217;2;G486;8;0;0;0.8;13;2;Alex
217;3;G486;0;1;0.025;1;13;2;Alex
217;1;NSRef;3;2;0.054054054;0.925;13;2;Alex
217;2;NSRef;7;1;0.03030303;0.825;13;2;Alex
217;3;NSRef;13;3;0.111111111;0.675;13;2;Alex
301;1;G486;2;5;0.131578947;0.95;13;2;Alex
301;2;G486;0;2;0.05;1;13;2;Alex
301;3;G486;1;6;0.153846154;0.975;13;2;Alex
301;1;NSRef;1;1;0.025641026;0.975;13;2;Alex
301;2;NSRef;1;1;0.025641026;0.975;13;2;Alex
301;3;NSRef;4;1;0.027777778;0.9;13;2;Alex
356;1;G486;2;1;0.026315789;0.95;13;2;Alex
356;1;NSRef;3;1;0.027027027;0.925;13;2;Alex
356;2;NSRef;4;0;0;0.9;13;2;Alex
391;1;G486;3;0;0;0.925;13;2;Alex
391;2;G486;0;2;0.05;1;13;2;Alex
391;3;G486;4;1;0.027777778;0.9;13;2;Alex
391;1;NSRef;4;2;0.055555556;0.9;13;2;Alex
391;2;NSRef;2;3;0.078947368;0.95;13;2;Alex
391;3;NSRef;6;5;0.147058824;0.85;13;2;Alex
461;1;G486;2;0;0;0.95;13;2;Alex
461;2;G486;3;0;0;0.925;13;2;Alex
461;1;NSRef;4;0;0;0.9;13;2;Alex
461;2;NSRef;2;0;0;0.95;13;2;Alex
491;1;G486;0;4;0.1;1;13;2;Alex
491;2;G486;1;5;0.128205128;0.975;13;2;Alex
491;3;G486;0;4;0.1;1;13;2;Alex
491;1;NSRef;6;9;0.264705882;0.85;13;2;Alex
491;2;NSRef;1;2;0.051282051;0.975;13;2;Alex
491;3;NSRef;1;0;0;0.975;13;2;Alex
509;1;G486;0;0;0;1;13;2;Alex
509;2;G486;0;1;0.025;1;13;2;Alex
509;3;G486;1;0;0;0.975;13;2;Alex
509;1;NSRef;0;0;0;1;13;2;Alex
509;2;NSRef;1;0;0;0.975;13;2;Alex
509;3;NSRef;0;0;0;1;13;2;Alex
563;1;G486;0;7;0.175;1;13;2;Alex
563;2;G486;1;8;0.205128205;0.975;13;2;Alex
563;3;G486;0;7;0.175;1;13;2;Alex
563;1;NSRef;0;3;0.075;1;13;2;Alex
563;2;NSRef;0;5;0.125;1;13;2;Alex
563;3;NSRef;8;0;0;0.8;13;2;Alex
584;1;G486;0;3;0.075;1;13;2;Alex
584;2;G486;0;2;0.05;1;13;2;Alex
584;3;G486;1;7;0.179487179;0.975;13;2;Alex
584;1;NSRef;1;2;0.051282051;0.975;13;2;Alex
584;2;NSRef;1;2;0.051282051;0.975;13;2;Alex
584;3;NSRef;1;3;0.076923077;0.975;13;2;Alex
595;1;G486;1;0;0;0.975;13;2;Alex
595;2;G486;5;0;0;0.875;13;2;Alex
595;3;G486;1;0;0;0.975;13;2;Alex
595;1;NSRef;3;0;0;0.925;13;2;Alex
595;2;NSRef;3;0;0;0.925;13;2;Alex
595;3;NSRef;1;0;0;0.975;13;2;Alex
774;1;G486;1;0;0;0.975;13;2;Alex
774;2;G486;0;0;0;1;13;2;Alex
774;3;G486;4;2;0.055555556;0.9;13;2;Alex
774;1;NSRef;0;0;0;1;13;2;Alex
774;2;NSRef;4;1;0.027777778;0.9;13;2;Alex
774;3;NSRef;0;2;0.05;1;13;2;Alex
799;1;G486;3;1;0.027027027;0.925;13;2;Alex
799;2;G486;7;4;0.121212121;0.825;13;2;Alex
799;3;G486;3;0;0;0.925;13;2;Alex
799;1;NSRef;3;2;0.054054054;0.925;13;2;Alex
799;2;NSRef;1;2;0.051282051;0.975;13;2;Alex
799;3;NSRef;5;3;0.085714286;0.875;13;2;Alex
911;1;G486;0;0;0;1;13;2;Alex
911;2;G486;0;0;0;1;13;2;Alex
911;3;G486;3;1;0.027027027;0.925;13;2;Alex
911;1;NSRef;1;0;0;0.975;13;2;Alex
911;2;NSRef;3;3;0.081081081;0.925;13;2;Alex
911;3;NSRef;0;0;0;1;13;2;Alex
21;1;G486;2;1;0.026315789;0.95;14;2;Alex
21;2;G486;0;1;0.025;1;14;2;Alex
21;3;G486;0;0;0;1;14;2;Alex
21;1;NSRef;5;11;0.314285714;0.875;14;2;Alex
21;2;NSRef;5;5;0.142857143;0.875;14;2;Alex
21;3;NSRef;3;1;0.027027027;0.925;14;2;Alex
31;1;G486;1;2;0.051282051;0.975;14;2;Alex
31;2;G486;0;0;0;1;14;2;Alex
31;3;G486;3;1;0.027027027;0.925;14;2;Alex
31;1;NSRef;7;0;0;0.825;14;2;Alex
31;2;NSRef;1;4;0.102564103;0.975;14;2;Alex
31;3;NSRef;0;0;0;1;14;2;Alex
59;1;G486;1;0;0;0.975;14;2;Alex
59;2;G486;0;0;0;1;14;2;Alex
59;3;G486;4;2;0.055555556;0.9;14;2;Alex
59;1;NSRef;9;5;0.161290323;0.775;14;2;Alex
59;2;NSRef;5;2;0.057142857;0.875;14;2;Alex
59;3;NSRef;11;0;0;0.725;14;2;Alex
338;1;G486;0;0;0;1;14;2;Alex
338;2;G486;0;0;0;1;14;2;Alex
338;3;G486;0;0;0;1;14;2;Alex
338;1;NSRef;2;0;0;0.95;14;2;Alex
338;2;NSRef;4;0;0;0.9;14;2;Alex
338;3;NSRef;7;1;0.03030303;0.825;14;2;Alex
350;1;G486;0;0;0;1;14;2;Alex
350;1;NSRef;3;0;0;0.925;14;2;Alex
373;1;G486;2;0;0;0.95;14;2;Alex
373;2;G486;2;0;0;0.95;14;2;Alex
373;3;G486;0;0;0;1;14;2;Alex
373;1;NSRef;1;0;0;0.975;14;2;Alex
373;2;NSRef;2;0;0;0.95;14;2;Alex
373;3;NSRef;2;0;0;0.95;14;2;Alex
437;1;G486;4;18;0.5;0.9;14;2;Alex
437;2;G486;2;14;0.368421053;0.95;14;2;Alex
437;3;G486;1;16;0.41025641;0.975;14;2;Alex
437;1;NSRef;10;6;0.2;0.75;14;2;Alex
437;2;NSRef;0;5;0.125;1;14;2;Alex
437;3;NSRef;4;6;0.166666667;0.9;14;2;Alex
441;1;G486;1;1;0.025641026;0.975;14;2;Alex
441;2;G486;0;0;0;1;14;2;Alex
441;3;G486;1;1;0.025641026;0.975;14;2;Alex
441;1;NSRef;4;0;0;0.9;14;2;Alex
441;2;NSRef;4;0;0;0.9;14;2;Alex
441;3;NSRef;5;0;0;0.875;14;2;Alex
508;1;G486;0;0;0;1;14;2;Alex
508;2;G486;0;0;0;1;14;2;Alex
508;3;G486;0;1;0.025;1;14;2;Alex
508;1;NSRef;0;0;0;1;14;2;Alex
508;2;NSRef;0;0;0;1;14;2;Alex
508;3;NSRef;0;0;0;1;14;2;Alex
779;1;NSRef;5;0;0;0.875;14;2;Alex
804;1;G486;1;2;0.051282051;0.975;14;2;Alex
804;2;G486;4;4;0.111111111;0.9;14;2;Alex
804;3;G486;0;3;0.075;1;14;2;Alex
804;1;NSRef;4;5;0.138888889;0.9;14;2;Alex
804;2;NSRef;1;1;0.025641026;0.975;14;2;Alex
804;3;NSRef;0;1;0.025;1;14;2;Alex
853;1;G486;0;2;0.05;1;14;2;Alex
853;2;G486;0;3;0.075;1;14;2;Alex
853;3;G486;1;4;0.102564103;0.975;14;2;Alex
853;1;NSRef;6;0;0;0.85;14;2;Alex
853;2;NSRef;3;4;0.108108108;0.925;14;2;Alex
853;3;NSRef;0;0;0;1;14;2;Alex
857;1;G486;0;2;0.05;1;14;2;Alex
857;2;G486;1;0;0;0.975;14;2;Alex
857;3;G486;0;0;0;1;14;2;Alex
857;1;NSRef;6;0;0;0.85;14;2;Alex
857;2;NSRef;1;0;0;0.975;14;2;Alex
857;3;NSRef;3;3;0.081081081;0.925;14;2;Alex
28;1;G486;3;1;0.027027027;0.925;15;2;Rachael
28;2;G486;7;8;0.242424242;0.825;15;2;Sherifat
28;3;G486;13;1;0.037037037;0.675;15;2;Rachael
28;1;NSRef;0;0;0;1;15;2;Rachael
28;2;NSRef;0;0;0;1;15;2;Sherifat
28;3;NSRef;0;0;0;1;15;2;Sherifat
32;1;G486;1;0;0;0.975;15;2;Sherifat
32;2;G486;0;0;0;1;15;2;Sherifat
32;3;G486;9;1;0.032258065;0.775;15;2;Rachael
32;1;NSRef;3;1;0.027027027;0.925;15;2;Sherifat
32;2;NSRef;5;0;0;0.875;15;2;Rachael
32;3;NSRef;2;0;0;0.95;15;2;Rachael
42;1;G486;1;3;0.076923077;0.975;15;2;Sherifat
42;2;G486;1;1;0.025641026;0.975;15;2;Rachael
42;1;NSRef;1;0;0;0.975;15;2;Rachael
42;2;NSRef;1;0;0;0.975;15;2;Rachael
42;3;NSRef;2;3;0.078947368;0.95;15;2;Sherifat
239;1;G486;1;2;0.051282051;0.975;15;2;Sherifat
239;2;G486;1;2;0.051282051;0.975;15;2;Rachael
239;3;G486;1;3;0.076923077;0.975;15;2;Sherifat
239;1;NSRef;1;3;0.076923077;0.975;15;2;Sherifat
239;2;NSRef;33;0;0;0.175;15;2;Rachael
239;3;NSRef;0;1;0.025;1;15;2;Rachael
309;1;G486;1;1;0.025641026;0.975;15;2;Rachael
309;2;G486;0;0;0;1;15;2;Sherifat
309;1;NSRef;0;0;0;1;15;2;Sherifat
309;2;NSRef;1;0;0;0.975;15;2;Rachael
381;1;G486;0;0;0;1;15;2;Sherifat
381;2;G486;0;0;0;1;15;2;Rachael
381;3;G486;1;2;0.051282051;0.975;15;2;Sherifat
381;2;NSRef;0;1;0.025;1;15;2;Rachael
381;3;NSRef;2;0;0;0.95;15;2;Rachael
440;1;G486;2;14;0.368421053;0.95;15;2;Sherifat
440;2;G486;3;2;0.054054054;0.925;15;2;Rachael
440;3;G486;0;5;0.125;1;15;2;Rachael
440;1;NSRef;0;1;0.025;1;15;2;Sherifat
440;2;NSRef;3;2;0.054054054;0.925;15;2;Rachael
440;3;NSRef;1;1;0.025641026;0.975;15;2;Sherifat
555;1;G486;0;7;0.175;1;15;2;Sherifat
555;2;G486;1;3;0.076923077;0.975;15;2;Rachael
555;3;G486;0;1;0.025;1;15;2;Rachael
555;1;NSRef;0;2;0.05;1;15;2;Sherifat
555;2;NSRef;4;7;0.194444444;0.9;15;2;Rachael
555;3;NSRef;1;3;0.076923077;0.975;15;2;Sherifat
703;1;G486;1;3;0.076923077;0.975;15;2;Sherifat
703;2;G486;1;1;0.025641026;0.975;15;2;Rachael
703;3;G486;0;2;0.05;1;15;2;Rachael
703;1;NSRef;2;1;0.026315789;0.95;15;2;Sherifat
703;2;NSRef;5;3;0.085714286;0.875;15;2;Rachael
703;3;NSRef;0;0;0;1;15;2;Sherifat
783;1;G486;1;12;0.307692308;0.975;15;2;Rachael
783;2;G486;0;13;0.325;1;15;2;Sherifat
783;3;G486;0;1;0.025;1;15;2;Rachael
783;1;NSRef;2;4;0.105263158;0.95;15;2;Sherifat
783;2;NSRef;1;2;0.051282051;0.975;15;2;Rachael
783;3;NSRef;0;2;0.05;1;15;2;Sherifat
821;1;G486;0;0;0;1;15;2;Sherifat
821;2;G486;4;4;0.111111111;0.9;15;2;Rachael
821;3;G486;1;12;0.307692308;0.975;15;2;Sherifat
821;1;NSRef;0;0;0;1;15;2;Sherifat
821;2;NSRef;0;4;0.1;1;15;2;Rachael
821;3;NSRef;0;0;0;1;15;2;Rachael
843;1;G486;2;6;0.157894737;0.95;15;2;Rachael
843;2;G486;0;13;0.325;1;15;2;Sherifat
843;3;G486;5;8;0.228571429;0.875;15;2;Sherifat
843;1;NSRef;0;5;0.125;1;15;2;Sherifat
843;2;NSRef;1;6;0.153846154;0.975;15;2;Rachael
843;3;NSRef;2;2;0.052631579;0.95;15;2;Rachael
884;1;G486;2;12;0.315789474;0.95;15;2;Sherifat
884;1;NSRef;6;8;0.235294118;0.85;15;2;Sherifat
884;2;NSRef;0;1;0.025;1;15;2;Rachael
45;2;G486;0;1;0.025;1;16;2;Sherifat
45;1;NSRef;1;2;0.051282051;0.975;16;2;Sherifat
45;2;NSRef;3;3;0.081081081;0.925;16;2;Sherifat
49;1;G486;3;1;0.027027027;0.925;16;2;Rachael
49;2;G486;0;0;0;1;16;2;Sherifat
49;3;G486;1;2;0.051282051;0.975;16;2;Sherifat
49;1;NSRef;4;7;0.194444444;0.9;16;2;Rachael
49;2;NSRef;0;6;0.15;1;16;2;Sherifat
49;3;NSRef;1;2;0.051282051;0.975;16;2;Rachael
75;1;G486;0;0;0;1;16;2;Rachael
75;1;NSRef;1;2;0.051282051;0.975;16;2;Sherifat
75;2;NSRef;1;1;0.025641026;0.975;16;2;Rachael
100;1;G486;1;1;0.025641026;0.975;16;2;Sherifat
100;2;G486;0;3;0.075;1;16;2;Rachael
100;1;NSRef;0;2;0.05;1;16;2;Rachael
100;2;NSRef;1;1;0.025641026;0.975;16;2;Sherifat
138;1;NSRef;0;0;0;1;16;2;Rachael
177;1;G486;0;1;0.025;1;16;2;Rachael
177;2;G486;0;1;0.025;1;16;2;
177;3;G486;1;1;0.025641026;0.975;16;2;Rachael
177;1;NSRef;0;1;0.025;1;16;2;Sherifat
177;2;NSRef;1;0;0;0.975;16;2;Sherifat
177;3;NSRef;0;1;0.025;1;16;2;Rachael
306;1;G486;0;1;0.025;1;16;2;Sherifat
306;2;G486;1;2;0.051282051;0.975;16;2;Sherifat
306;3;G486;0;2;0.05;1;16;2;Rachael
306;1;NSRef;7;5;0.151515152;0.825;16;2;Rachael
306;2;NSRef;0;0;0;1;16;2;Rachael
306;3;NSRef;0;1;0.025;1;16;2;Sherifat
307;1;G486;3;0;0;0.925;16;2;Rachael
307;2;G486;1;3;0.076923077;0.975;16;2;Rachael
307;3;G486;1;2;0.051282051;0.975;16;2;Sherifat
307;1;NSRef;1;0;0;0.975;16;2;Sherifat
307;2;NSRef;8;2;0.0625;0.8;16;2;Sherifat
307;3;NSRef;1;0;0;0.975;16;2;Rachael
335;1;G486;0;0;0;1;16;2;Rachael
335;2;G486;0;0;0;1;16;2;Sherifat
335;3;G486;8;3;0.09375;0.8;16;2;Rachael
335;1;NSRef;1;0;0;0.975;16;2;Sherifat
335;2;NSRef;0;8;0.2;1;16;2;Sherifat
335;3;NSRef;1;4;0.102564103;0.975;16;2;Rachael
362;1;G486;6;1;0.029411765;0.85;16;2;Sherifat
362;2;G486;11;2;0.068965517;0.725;16;2;Sherifat
362;3;G486;1;1;0.025641026;0.975;16;2;Rachael
362;1;NSRef;0;3;0.075;1;16;2;Sherifat
362;2;NSRef;5;0;0;0.875;16;2;Rachael
362;3;NSRef;1;0;0;0.975;16;2;Rachael
367;2;G486;1;1;0.025641026;0.975;16;2;Rachael
367;1;NSRef;1;0;0;0.975;16;2;Rachael
367;2;NSRef;1;2;0.051282051;0.975;16;2;Sherifat
367;3;NSRef;1;0;0;0.975;16;2;Sherifat
390;1;G486;1;0;0;0.975;16;2;Rachael
390;2;G486;1;1;0.025641026;0.975;16;2;Sherifat
390;3;G486;0;0;0;1;16;2;Sherifat
390;1;NSRef;2;2;0.052631579;0.95;16;2;Rachael
390;2;NSRef;3;2;0.054054054;0.925;16;2;Rachael
390;3;NSRef;1;3;0.076923077;0.975;16;2;Sherifat
721;1;G486;0;1;0.025;1;16;2;Sherifat
721;2;G486;17;0;0;0.575;16;2;Sherifat
721;3;G486;2;1;0.026315789;0.95;16;2;Rachael
721;1;NSRef;5;0;0;0.875;16;2;Rachael
721;2;NSRef;6;0;0;0.85;16;2;Rachael
721;3;NSRef;2;1;0.026315789;0.95;16;2;Sherifat
787;1;G486;1;3;0.076923077;0.975;16;2;Sherifat
787;2;G486;2;1;0.026315789;0.95;16;2;Rachael
787;3;G486;2;2;0.052631579;0.95;16;2;Rachael
787;1;NSRef;0;3;0.075;1;16;2;Sherifat
787;2;NSRef;1;2;0.051282051;0.975;16;2;Rachael
897;1;G486;2;2;0.052631579;0.95;16;2;Rachael
897;2;G486;1;7;0.179487179;0.975;16;2;Sherifat
897;3;G486;0;1;0.025;1;16;2;Rachael
897;1;NSRef;0;6;0.15;1;16;2;Sherifat
897;2;NSRef;1;5;0.128205128;0.975;16;2;Sherifat
897;3;NSRef;4;17;0.472222222;0.9;16;2;Rachael
181;1;G486;0;4;0.1;1;17;2;Alex
181;2;G486;1;0;0;0.975;17;2;Alex
181;3;G486;1;0;0;0.975;17;2;Alex
181;1;NSRef;0;3;0.075;1;17;2;Alex
181;2;NSRef;8;1;0.03125;0.8;17;2;Alex
181;3;NSRef;3;2;0.054054054;0.925;17;2;Alex
228;1;G486;4;1;0.027777778;0.9;17;2;Alex
228;2;G486;8;0;0;0.8;17;2;Alex
228;3;G486;6;1;0.029411765;0.85;17;2;Alex
228;1;NSRef;7;0;0;0.825;17;2;Alex
228;2;NSRef;18;0;0;0.55;17;2;Alex
228;3;NSRef;8;3;0.09375;0.8;17;2;Alex
336;1;G486;0;0;0;1;17;2;Alex
336;2;G486;2;0;0;0.95;17;2;Alex
336;1;NSRef;0;2;0.05;1;17;2;Alex
336;2;NSRef;1;2;0.051282051;0.975;17;2;Alex
355;1;G486;2;1;0.026315789;0.95;17;2;Alex
355;2;G486;0;0;0;1;17;2;Alex
355;3;G486;3;1;0.027027027;0.925;17;2;Alex
355;1;NSRef;9;2;0.064516129;0.775;17;2;Alex
355;2;NSRef;8;4;0.125;0.8;17;2;Alex
355;3;NSRef;4;3;0.083333333;0.9;17;2;Alex
361;1;G486;1;2;0.051282051;0.975;17;2;Alex
361;2;G486;0;1;0.025;1;17;2;Alex
361;3;G486;1;8;0.205128205;0.975;17;2;Alex
361;1;NSRef;2;4;0.105263158;0.95;17;2;Alex
361;2;NSRef;3;0;0;0.925;17;2;Alex
361;3;NSRef;5;2;0.057142857;0.875;17;2;Alex
380;1;G486;2;2;0.052631579;0.95;17;2;Alex
380;2;G486;12;3;0.107142857;0.7;17;2;Alex
380;3;G486;8;0;0;0.8;17;2;Alex
380;1;NSRef;4;1;0.027777778;0.9;17;2;Alex
380;2;NSRef;4;0;0;0.9;17;2;Alex
380;3;NSRef;3;1;0.027027027;0.925;17;2;Alex
405;1;G486;21;0;0;0.475;17;2;Alex
405;2;G486;0;0;0;1;17;2;Alex
405;3;G486;3;1;0.027027027;0.925;17;2;Alex
405;1;NSRef;1;1;0.025641026;0.975;17;2;Alex
405;2;NSRef;0;0;0;1;17;2;Alex
405;3;NSRef;1;1;0.025641026;0.975;17;2;Alex
716;1;G486;7;0;0;0.825;17;2;Alex
716;2;G486;4;1;0.027777778;0.9;17;2;Alex
716;3;G486;8;0;0;0.8;17;2;Alex
716;1;NSRef;1;0;0;0.975;17;2;Alex
716;2;NSRef;2;0;0;0.95;17;2;Alex
716;3;NSRef;0;0;0;1;17;2;Alex
907;1;G486;2;4;0.105263158;0.95;17;2;Alex
907;2;G486;0;1;0.025;1;17;2;Alex
907;3;G486;1;3;0.076923077;0.975;17;2;Alex
907;1;NSRef;3;2;0.054054054;0.925;17;2;Alex
907;2;NSRef;11;10;0.344827586;0.725;17;2;Alex
907;3;NSRef;3;0;0;0.925;17;2;Alex
908;1;G486;1;1;0.025641026;0.975;17;2;Alex
908;2;G486;2;0;0;0.95;17;2;Alex
908;3;G486;3;1;0.027027027;0.925;17;2;Alex
908;1;NSRef;5;0;0;0.875;17;2;Alex
908;2;NSRef;7;1;0.03030303;0.825;17;2;Alex
908;3;NSRef;3;0;0;0.925;17;2;Alex
913;1;G486;0;0;0;1;17;2;Alex
913;2;G486;4;4;0.111111111;0.9;17;2;Alex
913;3;G486;2;4;0.105263158;0.95;17;2;Alex
913;1;NSRef;0;0;0;1;17;2;Alex
913;2;NSRef;2;0;0;0.95;17;2;Alex
913;3;NSRef;0;0;0;1;17;2;Alex
109;1;G486;2;0;0;0.95;18;2;Alex
109;2;G486;2;0;0;0.95;18;2;Alex
109;3;G486;4;1;0.027777778;0.9;18;2;Alex
109;1;NSRef;0;2;0.05;1;18;2;Alex
109;2;NSRef;0;0;0;1;18;2;Alex
109;3;NSRef;2;0;0;0.95;18;2;Alex
195;1;G486;1;1;0.025641026;0.975;18;2;Alex
195;2;G486;4;0;0;0.9;18;2;Alex
195;3;G486;1;0;0;0.975;18;2;Alex
195;1;NSRef;12;0;0;0.7;18;2;Alex
195;2;NSRef;3;0;0;0.925;18;2;Alex
195;3;NSRef;1;0;0;0.975;18;2;Alex
237;1;G486;2;1;0.026315789;0.95;18;2;Alex
237;2;G486;3;0;0;0.925;18;2;Alex
237;3;G486;1;0;0;0.975;18;2;Alex
237;1;NSRef;0;0;0;1;18;2;Alex
237;2;NSRef;1;0;0;0.975;18;2;Alex
237;3;NSRef;1;0;0;0.975;18;2;Alex
320;1;G486;3;0;0;0.925;18;2;Alex
320;2;G486;0;1;0.025;1;18;2;Alex
320;3;G486;9;4;0.129032258;0.775;18;2;Alex
320;1;NSRef;2;1;0.026315789;0.95;18;2;Alex
320;2;NSRef;1;2;0.051282051;0.975;18;2;Alex
320;3;NSRef;0;0;0;1;18;2;Alex
375;1;G486;4;2;0.055555556;0.9;18;2;Alex
375;2;G486;8;8;0.25;0.8;18;2;Alex
375;3;G486;0;1;0.025;1;18;2;Alex
375;1;NSRef;1;0;0;0.975;18;2;Alex
375;2;NSRef;2;0;0;0.95;18;2;Alex
375;3;NSRef;5;0;0;0.875;18;2;Alex
535;1;G486;1;0;0;0.975;18;2;Alex
535;2;G486;0;0;0;1;18;2;Alex
535;3;G486;2;0;0;0.95;18;2;Alex
535;1;NSRef;4;0;0;0.9;18;2;Alex
535;2;NSRef;7;3;0.090909091;0.825;18;2;Alex
535;3;NSRef;6;2;0.058823529;0.85;18;2;Alex
566;1;G486;1;23;0.58974359;0.975;18;2;Alex
566;2;G486;5;0;0;0.875;18;2;Alex
566;1;NSRef;0;8;0.2;1;18;2;Alex
566;2;NSRef;1;5;0.128205128;0.975;18;2;Alex
634;1;G486;2;0;0;0.95;18;2;Alex
634;2;G486;2;2;0.052631579;0.95;18;2;Alex
634;1;NSRef;4;0;0;0.9;18;2;Alex
634;2;NSRef;2;0;0;0.95;18;2;Alex
634;3;NSRef;1;0;0;0.975;18;2;Alex
776;1;G486;5;1;0.028571429;0.875;18;2;Alex
776;2;G486;4;3;0.083333333;0.9;18;2;Alex
776;3;G486;0;2;0.05;1;18;2;Alex
776;1;NSRef;1;5;0.128205128;0.975;18;2;Alex
776;2;NSRef;1;10;0.256410256;0.975;18;2;Alex
776;3;NSRef;1;1;0.025641026;0.975;18;2;Alex
849;1;G486;2;3;0.078947368;0.95;18;2;Alex
849;2;G486;7;1;0.03030303;0.825;18;2;Alex
849;3;G486;2;2;0.052631579;0.95;18;2;Alex
849;1;NSRef;1;1;0.025641026;0.975;18;2;Alex
849;2;NSRef;6;5;0.147058824;0.85;18;2;Alex
849;3;NSRef;6;4;0.117647059;0.85;18;2;Alex
855;1;G486;3;6;0.162162162;0.925;18;2;Alex
855;2;G486;0;0;0;1;18;2;Alex
855;3;G486;6;1;0.029411765;0.85;18;2;Alex
855;1;NSRef;2;0;0;0.95;18;2;Alex
855;2;NSRef;2;2;0.052631579;0.95;18;2;Alex
855;3;NSRef;4;2;0.055555556;0.9;18;2;Alex
879;1;G486;3;1;0.027027027;0.925;18;2;Alex
879;2;G486;4;7;0.194444444;0.9;18;2;Alex
879;3;G486;4;4;0.111111111;0.9;18;2;Alex
879;1;NSRef;6;1;0.029411765;0.85;18;2;Alex
879;2;NSRef;1;0;0;0.975;18;2;Alex
879;3;NSRef;1;0;0;0.975;18;2;Alex
882;1;G486;0;0;0;1;18;2;Alex
882;2;G486;1;2;0.051282051;0.975;18;2;Alex
882;3;G486;15;0;0;0.625;18;2;Alex
882;1;NSRef;1;0;0;0.975;18;2;Alex
882;2;NSRef;2;0;0;0.95;18;2;Alex
882;3;NSRef;1;0;0;0.975;18;2;Alex
890;1;G486;9;4;0.129032258;0.775;18;2;Alex
890;2;G486;17;0;0;0.575;18;2;Alex
890;3;G486;8;0;0;0.8;18;2;Alex
890;1;NSRef;8;2;0.0625;0.8;18;2;Alex
890;2;NSRef;0;0;0;1;18;2;Alex
890;3;NSRef;3;0;0;0.925;18;2;Alex
101;1;G486;4;2;0.055555556;0.9;19;2;
101;2;G486;0;0;0;1;19;2;
101;3;G486;1;0;0;0.975;19;2;
101;1;NSRef;6;2;0.058823529;0.85;19;2;
101;2;NSRef;1;1;0.025641026;0.975;19;2;
101;3;NSRef;1;0;0;0.975;19;2;
105;1;G486;0;1;0.025;1;19;2;
105;2;G486;0;5;0.125;1;19;2;
105;3;G486;0;4;0.1;1;19;2;
105;1;NSRef;0;2;0.05;1;19;2;
105;2;NSRef;0;1;0.025;1;19;2;
105;3;NSRef;1;3;0.076923077;0.975;19;2;
303;1;G486;0;0;0;1;19;2;
303;2;G486;1;8;0.205128205;0.975;19;2;
303;3;G486;2;4;0.105263158;0.95;19;2;
303;1;NSRef;0;0;0;1;19;2;
303;2;NSRef;1;0;0;0.975;19;2;
303;3;NSRef;7;1;0.03030303;0.825;19;2;
317;1;G486;0;6;0.15;1;19;2;
317;2;G486;1;10;0.256410256;0.975;19;2;
317;3;G486;0;9;0.225;1;19;2;
317;1;NSRef;0;1;0.025;1;19;2;
317;2;NSRef;1;1;0.025641026;0.975;19;2;
317;3;NSRef;0;1;0.025;1;19;2;
360;1;G486;1;0;0;0.975;19;2;
360;2;G486;14;0;0;0.65;19;2;
360;3;G486;5;0;0;0.875;19;2;
360;1;NSRef;8;1;0.03125;0.8;19;2;
360;2;NSRef;4;0;0;0.9;19;2;
360;3;NSRef;2;0;0;0.95;19;2;
385;1;G486;17;0;0;0.575;19;2;
385;2;G486;11;0;0;0.725;19;2;
385;3;G486;5;1;0.028571429;0.875;19;2;
385;1;NSRef;7;0;0;0.825;19;2;
385;2;NSRef;9;0;0;0.775;19;2;
385;3;NSRef;5;0;0;0.875;19;2;
392;1;G486;1;0;0;0.975;19;2;
392;2;G486;2;1;0.026315789;0.95;19;2;
392;3;G486;3;0;0;0.925;19;2;
392;1;NSRef;3;0;0;0.925;19;2;
392;2;NSRef;11;2;0.068965517;0.725;19;2;
392;3;NSRef;2;5;0.131578947;0.95;19;2;
589;1;G486;1;21;0.538461538;0.975;19;2;
589;2;G486;3;12;0.324324324;0.925;19;2;
589;3;G486;1;15;0.384615385;0.975;19;2;
589;1;NSRef;4;3;0.083333333;0.9;19;2;
589;2;NSRef;2;0;0;0.95;19;2;
589;3;NSRef;1;1;0.025641026;0.975;19;2;
748;1;G486;0;2;0.05;1;19;2;
748;2;G486;1;4;0.102564103;0.975;19;2;
748;3;G486;34;0;0;0.15;19;2;
748;1;NSRef;0;9;0.225;1;19;2;
748;2;NSRef;1;13;0.333333333;0.975;19;2;
748;3;NSRef;2;16;0.421052632;0.95;19;2;
765;1;NSRef;3;6;0.162162162;0.925;19;2;
859;1;G486;3;3;0.081081081;0.925;19;2;
859;2;G486;0;0;0;1;19;2;
859;3;G486;3;6;0.162162162;0.925;19;2;
859;1;NSRef;4;5;0.138888889;0.9;19;2;
859;2;NSRef;3;3;0.081081081;0.925;19;2;
859;3;NSRef;4;7;0.194444444;0.9;19;2;
894;1;G486;1;1;0.025641026;0.975;19;2;
894;2;G486;3;1;0.027027027;0.925;19;2;
894;1;NSRef;2;4;0.105263158;0.95;19;2;
894;2;NSRef;1;1;0.025641026;0.975;19;2;
129;1;G486;0;1;0.025;1;20;2;
129;2;G486;0;1;0.025;1;20;2;
129;3;G486;0;1;0.025;1;20;2;
129;1;NSRef;0;0;0;1;20;2;
129;2;NSRef;0;0;0;1;20;2;
129;3;NSRef;4;0;0;0.9;20;2;
229;1;G486;0;3;0.075;1;20;2;
229;2;G486;1;3;0.076923077;0.975;20;2;
229;3;G486;0;3;0.075;1;20;2;
229;1;NSRef;2;0;0;0.95;20;2;
229;2;NSRef;1;0;0;0.975;20;2;
229;3;NSRef;1;1;0.025641026;0.975;20;2;
319;1;G486;3;2;0.054054054;0.925;20;2;
319;2;G486;0;4;0.1;1;20;2;
319;3;G486;0;0;0;1;20;2;
319;1;NSRef;1;0;0;0.975;20;2;
319;2;NSRef;6;1;0.029411765;0.85;20;2;
319;3;NSRef;1;0;0;0.975;20;2;
370;1;G486;1;0;0;0.975;20;2;
370;2;G486;0;1;0.025;1;20;2;
370;3;G486;0;0;0;1;20;2;
370;1;NSRef;1;2;0.051282051;0.975;20;2;
370;2;NSRef;3;0;0;0.925;20;2;
370;3;NSRef;2;0;0;0.95;20;2;
409;1;G486;1;1;0.025641026;0.975;20;2;
409;2;G486;2;3;0.078947368;0.95;20;2;
409;3;G486;1;0;0;0.975;20;2;
409;1;NSRef;3;2;0.054054054;0.925;20;2;
409;2;NSRef;5;7;0.2;0.875;20;2;
409;3;NSRef;0;3;0.075;1;20;2;
426;1;G486;0;4;0.1;1;20;2;
426;2;G486;0;6;0.15;1;20;2;
426;3;G486;0;6;0.15;1;20;2;
426;1;NSRef;1;0;0;0.975;20;2;
426;2;NSRef;0;1;0.025;1;20;2;
426;3;NSRef;0;1;0.025;1;20;2;
427;1;G486;0;1;0.025;1;20;2;
427;2;G486;0;0;0;1;20;2;
427;3;G486;0;0;0;1;20;2;
427;1;NSRef;2;0;0;0.95;20;2;
427;2;NSRef;2;0;0;0.95;20;2;
427;3;NSRef;1;0;0;0.975;20;2;
439;1;G486;1;1;0.025641026;0.975;20;2;
439;2;G486;2;1;0.026315789;0.95;20;2;
439;3;G486;0;0;0;1;20;2;
439;1;NSRef;0;5;0.125;1;20;2;
439;2;NSRef;1;3;0.076923077;0.975;20;2;
439;3;NSRef;1;1;0.025641026;0.975;20;2;
513;1;G486;3;0;0;0.925;20;2;
513;2;G486;4;0;0;0.9;20;2;
513;3;G486;2;2;0.052631579;0.95;20;2;
513;1;NSRef;1;0;0;0.975;20;2;
513;2;NSRef;0;0;0;1;20;2;
513;3;NSRef;1;1;0.025641026;0.975;20;2;
517;1;G486;1;7;0.179487179;0.975;20;2;
517;2;G486;0;5;0.125;1;20;2;
517;3;G486;0;1;0.025;1;20;2;
517;1;NSRef;0;3;0.075;1;20;2;
517;2;NSRef;0;1;0.025;1;20;2;
517;3;NSRef;1;1;0.025641026;0.975;20;2;
530;1;G486;1;15;0.384615385;0.975;20;2;
530;2;G486;0;11;0.275;1;20;2;
530;3;G486;0;13;0.325;1;20;2;
530;1;NSRef;1;0;0;0.975;20;2;
530;2;NSRef;0;1;0.025;1;20;2;
530;3;NSRef;1;2;0.051282051;0.975;20;2;
559;1;G486;0;1;0.025;1;20;2;
559;2;G486;0;3;0.075;1;20;2;
559;3;G486;0;0;0;1;20;2;
559;1;NSRef;1;1;0.025641026;0.975;20;2;
559;2;NSRef;5;0;0;0.875;20;2;
559;3;NSRef;0;0;0;1;20;2;
639;1;G486;0;0;0;1;20;2;
639;1;NSRef;1;2;0.051282051;0.975;20;2;
639;2;NSRef;0;0;0;1;20;2;
646;1;G486;0;0;0;1;20;2;
646;1;NSRef;0;0;0;1;20;2;
808;1;G486;0;1;0.025;1;20;2;
808;2;G486;1;1;0.025641026;0.975;20;2;
808;3;G486;2;1;0.026315789;0.95;20;2;
808;1;NSRef;2;1;0.026315789;0.95;20;2;
808;2;NSRef;7;0;0;0.825;20;2;
808;3;NSRef;0;0;0;1;20;2;
208;1;G486;0;1;0.025;1;21;2;
208;2;G486;0;9;0.225;1;21;2;
208;3;G486;1;0;0;0.975;21;2;
208;1;NSRef;2;4;0.105263158;0.95;21;2;
208;2;NSRef;2;5;0.131578947;0.95;21;2;
208;3;NSRef;13;10;0.37037037;0.675;21;2;
358;1;G486;0;0;0;1;21;2;
358;1;NSRef;10;0;0;0.75;21;2;
359;1;G486;2;5;0.131578947;0.95;21;2;
359;1;NSRef;0;11;0.275;1;21;2;
359;2;NSRef;1;4;0.102564103;0.975;21;2;
406;1;G486;4;3;0.083333333;0.9;21;2;
406;1;NSRef;0;4;0.1;1;21;2;
406;2;NSRef;3;6;0.162162162;0.925;21;2;
443;1;G486;0;0;0;1;21;2;
443;2;G486;0;0;0;1;21;2;
443;3;G486;0;0;0;1;21;2;
443;1;NSRef;24;0;0;0.4;21;2;
443;2;NSRef;17;0;0;0.575;21;2;
443;3;NSRef;4;1;0.027777778;0.9;21;2;
705;1;G486;0;1;0.025;1;21;2;
705;2;G486;1;0;0;0.975;21;2;
705;1;NSRef;3;2;0.054054054;0.925;21;2;
705;2;NSRef;1;1;0.025641026;0.975;21;2;
737;1;G486;0;1;0.025;1;21;2;
737;2;G486;3;2;0.054054054;0.925;21;2;
737;3;G486;0;1;0.025;1;21;2;
737;1;NSRef;3;0;0;0.925;21;2;
737;2;NSRef;7;1;0.03030303;0.825;21;2;
737;3;NSRef;2;1;0.026315789;0.95;21;2;
738;1;G486;2;1;0.026315789;0.95;21;2;
738;2;G486;0;2;0.05;1;21;2;
738;3;G486;0;0;0;1;21;2;
738;1;NSRef;4;0;0;0.9;21;2;
738;2;NSRef;2;2;0.052631579;0.95;21;2;
738;3;NSRef;0;1;0.025;1;21;2;
786;1;NSRef;1;2;0.051282051;0.975;21;2;
802;1;G486;1;1;0.025641026;0.975;21;2;
802;2;G486;0;0;0;1;21;2;
802;3;G486;2;3;0.078947368;0.95;21;2;
802;1;NSRef;3;10;0.27027027;0.925;21;2;
802;2;NSRef;2;5;0.131578947;0.95;21;2;
802;3;NSRef;4;2;0.055555556;0.9;21;2;
900;1;G486;0;1;0.025;1;21;2;
900;2;G486;0;0;0;1;21;2;
900;3;G486;0;6;0.15;1;21;2;
900;1;NSRef;2;3;0.078947368;0.95;21;2;
900;2;NSRef;1;0;0;0.975;21;2;
900;3;NSRef;6;5;0.147058824;0.85;21;2;
189;1;G486;0;0;0;1;23;2;
189;2;G486;1;1;0.025641026;0.975;23;2;
189;3;G486;0;0;0;1;23;2;
189;1;NSRef;2;0;0;0.95;23;2;
189;2;NSRef;13;4;0.148148148;0.675;23;2;
189;3;NSRef;6;0;0;0.85;23;2;
321;1;G486;2;1;0.026315789;0.95;23;2;
321;2;G486;5;2;0.057142857;0.875;23;2;
321;3;G486;2;0;0;0.95;23;2;
321;1;NSRef;9;0;0;0.775;23;2;
321;2;NSRef;32;0;0;0.2;23;2;
321;3;NSRef;6;0;0;0.85;23;2;
352;1;G486;2;4;0.105263158;0.95;23;2;
352;2;G486;12;9;0.321428571;0.7;23;2;
352;3;G486;5;0;0;0.875;23;2;
352;1;NSRef;1;0;0;0.975;23;2;
352;2;NSRef;12;0;0;0.7;23;2;
352;3;NSRef;0;0;0;1;23;2;
399;1;G486;5;14;0.4;0.875;23;2;
399;2;G486;3;5;0.135135135;0.925;23;2;
399;3;G486;1;7;0.179487179;0.975;23;2;
399;1;NSRef;1;0;0;0.975;23;2;
399;2;NSRef;5;4;0.114285714;0.875;23;2;
399;3;NSRef;10;3;0.1;0.75;23;2;
861;1;G486;3;5;0.135135135;0.925;23;2;
861;2;G486;0;0;0;1;23;2;
861;3;G486;0;0;0;1;23;2;
861;1;NSRef;1;0;0;0.975;23;2;
861;2;NSRef;6;1;0.029411765;0.85;23;2;
861;3;NSRef;3;1;0.027027027;0.925;23;2;
28;1;G486;0;0;0;1;25;3;Rachael
28;1;NSRef;0;0;0;1;25;3;Rachael
28;2;NSRef;1;0;0;0.975;25;3;Sherifat
45;1;G486;1;2;0.051282051;0.975;25;3;Sherifat
45;2;G486;1;0;0;0.975;25;3;Sherifat
45;3;G486;0;0;0;1;25;3;Rachael
45;1;NSRef;4;4;0.111111111;0.9;25;3;Rachael
45;2;NSRef;2;1;0.026315789;0.95;25;3;Sherifat
45;3;NSRef;0;0;0;1;25;3;Rachael
75;1;G486;2;3;0.078947368;0.95;25;3;Rachael
75;2;G486;0;2;0.05;1;25;3;Sherifat
75;3;G486;1;3;0.076923077;0.975;25;3;Rachael
75;1;NSRef;2;0;0;0.95;25;3;Sherifat
75;2;NSRef;10;2;0.066666667;0.75;25;3;Sherifat
75;3;NSRef;2;3;0.078947368;0.95;25;3;Rachael
340;1;G486;2;1;0.026315789;0.95;25;3;Sherifat
340;2;G486;0;0;0;1;25;3;Rachael
340;3;G486;0;0;0;1;25;3;Rachael
340;1;NSRef;0;0;0;1;25;3;Sherifat
340;2;NSRef;0;1;0.025;1;25;3;Sherifat
340;3;NSRef;2;0;0;0.95;25;3;Rachael
356;1;G486;3;0;0;0.925;25;3;
374;1;G486;0;2;0.05;1;25;3;Sherifat
374;1;NSRef;2;1;0.026315789;0.95;25;3;Sherifat
374;2;NSRef;2;0;0;0.95;25;3;Rachael
379;1;G486;1;2;0.051282051;0.975;25;3;Sherifat
379;2;G486;0;1;0.025;1;25;3;Rachael
379;3;G486;0;1;0.025;1;25;3;Rachael
379;1;NSRef;0;0;0;1;25;3;Sherifat
379;2;NSRef;4;2;0.055555556;0.9;25;3;Rachael
379;3;NSRef;0;3;0.075;1;25;3;Sherifat
392;1;G486;1;1;0.025641026;0.975;25;3;Rachael
392;2;G486;1;0;0;0.975;25;3;Rachael
392;3;G486;3;3;0.081081081;0.925;25;3;Sherifat
392;1;NSRef;6;0;0;0.85;25;3;Sherifat
392;2;NSRef;2;0;0;0.95;25;3;Sherifat
392;3;NSRef;2;0;0;0.95;25;3;Rachael
461;1;NSRef;1;1;0.025641026;0.975;25;3;Sherifat
790;1;G486;0;3;0.075;1;25;3;Sherifat
790;2;G486;0;10;0.25;1;25;3;Sherifat
790;3;G486;0;7;0.175;1;25;3;Rachael
790;1;NSRef;1;0;0;0.975;25;3;Sherifat
790;2;NSRef;5;0;0;0.875;25;3;Rachael
790;3;NSRef;1;0;0;0.975;25;3;Rachael
796;1;G486;1;3;0.076923077;0.975;25;3;Rachael
796;2;G486;2;5;0.131578947;0.95;25;3;Sherifat
796;3;G486;0;1;0.025;1;25;3;Sherifat
796;1;NSRef;1;2;0.051282051;0.975;25;3;Rachael
796;2;NSRef;2;3;0.078947368;0.95;25;3;Rachael
796;3;NSRef;5;0;0;0.875;25;3;Sherifat
819;1;G486;1;0;0;0.975;25;3;Rachael
819;2;G486;0;0;0;1;25;3;Sherifat
819;1;NSRef;0;7;0.175;1;25;3;Sherifat
819;2;NSRef;1;3;0.076923077;0.975;25;3;Rachael
48;1;G486;0;1;0.025;1;26;3;Rachael
48;2;G486;2;2;0.052631579;0.95;26;3;Sherifat
48;1;NSRef;0;2;0.05;1;26;3;Sherifat
48;2;NSRef;1;0;0;0.975;26;3;Rachael
85;1;G486;4;1;0.027777778;0.9;26;3;Rachael
85;2;G486;3;2;0.054054054;0.925;26;3;Rachael
85;3;G486;4;1;0.027777778;0.9;26;3;Sherifat
85;1;NSRef;5;4;0.114285714;0.875;26;3;Rachael
85;2;NSRef;0;1;0.025;1;26;3;Sherifat
85;3;NSRef;4;1;0.027777778;0.9;26;3;Sherifat
93;1;G486;0;0;0;1;26;3;Rachael
93;2;G486;0;0;0;1;26;3;Rachael
93;3;G486;0;0;0;1;26;3;Sherifat
93;1;NSRef;12;5;0.178571429;0.7;26;3;Rachael
93;2;NSRef;4;2;0.055555556;0.9;26;3;Sherifat
93;3;NSRef;2;4;0.105263158;0.95;26;3;Sherifat
229;1;G486;1;1;0.025641026;0.975;26;3;Rachael
229;2;G486;0;1;0.025;1;26;3;Sherifat
229;3;G486;3;0;0;0.925;26;3;Rachael
229;1;NSRef;0;0;0;1;26;3;Rachael
229;2;NSRef;5;0;0;0.875;26;3;Sherifat
229;3;NSRef;3;0;0;0.925;26;3;Sherifat
354;1;G486;1;0;0;0.975;26;3;Rachael
354;1;NSRef;2;3;0.078947368;0.95;26;3;Rachael
354;2;NSRef;3;3;0.081081081;0.925;26;3;Sherifat
359;1;G486;1;1;0.025641026;0.975;26;3;Rachael
359;2;G486;0;1;0.025;1;26;3;Sherifat
359;3;G486;2;4;0.105263158;0.95;26;3;Sherifat
359;1;NSRef;0;6;0.15;1;26;3;Rachael
359;2;NSRef;3;2;0.054054054;0.925;26;3;Sherifat
359;3;NSRef;3;3;0.081081081;0.925;26;3;Rachael
406;1;G486;0;0;0;1;26;3;Rachael
406;2;G486;0;0;0;1;26;3;Sherifat
406;3;G486;0;0;0;1;26;3;Rachael
406;1;NSRef;6;8;0.235294118;0.85;26;3;Rachael
406;2;NSRef;3;1;0.027027027;0.925;26;3;Sherifat
406;3;NSRef;0;6;0.15;1;26;3;Sherifat
551;1;G486;1;1;0.025641026;0.975;26;3;Sherifat
551;2;G486;1;3;0.076923077;0.975;26;3;Sherifat
551;3;G486;0;3;0.075;1;26;3;Rachael
551;1;NSRef;0;4;0.1;1;26;3;Sherifat
551;2;NSRef;1;1;0.025641026;0.975;26;3;Rachael
551;3;NSRef;0;0;0;1;26;3;Rachael
627;1;G486;0;0;0;1;26;3;Rachael
627;2;G486;0;0;0;1;26;3;Sherifat
627;3;G486;0;0;0;1;26;3;Rachael
627;1;NSRef;10;3;0.1;0.75;26;3;Sherifat
627;2;NSRef;3;0;0;0.925;26;3;Sherifat
627;3;NSRef;2;2;0.052631579;0.95;26;3;Rachael
801;1;G486;0;0;0;1;26;3;Sherifat
801;2;G486;1;0;0;0.975;26;3;Sherifat
801;3;G486;0;0;0;1;26;3;Rachael
801;1;NSRef;3;1;0.027027027;0.925;26;3;Rachael
801;2;NSRef;1;4;0.102564103;0.975;26;3;Sherifat
801;3;NSRef;7;1;0.03030303;0.825;26;3;Rachael
818;1;G486;0;1;0.025;1;26;3;Rachael
818;2;G486;1;5;0.128205128;0.975;26;3;Sherifat
818;3;G486;0;1;0.025;1;26;3;Sherifat
818;1;NSRef;0;1;0.025;1;26;3;Sherifat
818;2;NSRef;2;0;0;0.95;26;3;Rachael
818;3;NSRef;1;0;0;0.975;26;3;Rachael
57;1;G486;0;1;0.025;1;27;3;Sherifat
57;2;G486;5;0;0;0.875;27;3;Rachael
57;3;G486;2;0;0;0.95;27;3;Sherifat
57;1;NSRef;4;0;0;0.9;27;3;Rachael
57;2;NSRef;3;0;0;0.925;27;3;Rachael
57;3;NSRef;7;1;0.03030303;0.825;27;3;Sherifat
100;1;G486;1;0;0;0.975;27;3;Rachael
100;2;G486;0;2;0.05;1;27;3;Sherifat
100;3;G486;0;3;0.075;1;27;3;Sherifat
100;1;NSRef;0;1;0.025;1;27;3;Rachael
100;2;NSRef;2;7;0.184210526;0.95;27;3;Rachael
100;3;NSRef;0;4;0.1;1;27;3;Sherifat
235;1;G486;5;1;0.028571429;0.875;27;3;Rachael
235;2;G486;12;2;0.071428571;0.7;27;3;Rachael
235;3;G486;0;6;0.15;1;27;3;Sherifat
235;1;NSRef;2;6;0.157894737;0.95;27;3;Sherifat
235;2;NSRef;2;0;0;0.95;27;3;Sherifat
235;3;NSRef;1;0;0;0.975;27;3;Rachael
280;1;G486;2;1;0.026315789;0.95;27;3;Rachael
280;2;G486;0;8;0.2;1;27;3;Sherifat
280;3;G486;15;16;0.64;0.625;27;3;Sherifat
280;1;NSRef;0;1;0.025;1;27;3;Rachael
280;2;NSRef;0;3;0.075;1;27;3;Rachael
280;3;NSRef;0;1;0.025;1;27;3;Sherifat
309;1;G486;0;1;0.025;1;27;3;Rachael
309;1;NSRef;0;0;0;1;27;3;Sherifat
309;2;NSRef;2;0;0;0.95;27;3;Rachael
313;1;G486;10;4;0.133333333;0.75;27;3;Rachael
313;2;G486;0;0;0;1;27;3;Rachael
313;3;G486;1;1;0.025641026;0.975;27;3;Sherifat
313;1;NSRef;0;0;0;1;27;3;Sherifat
313;2;NSRef;10;1;0.033333333;0.75;27;3;Rachael
313;3;NSRef;2;0;0;0.95;27;3;Sherifat
324;1;G486;3;8;0.216216216;0.925;27;3;Rachael
324;2;G486;2;14;0.368421053;0.95;27;3;Sherifat
324;1;NSRef;1;0;0;0.975;27;3;Rachael
324;2;NSRef;0;2;0.05;1;27;3;Sherifat
324;3;NSRef;1;1;0.025641026;0.975;27;3;Rachael
375;1;G486;0;1;0.025;1;27;3;Rachael
375;2;G486;3;8;0.216216216;0.925;27;3;Rachael
375;3;G486;1;3;0.076923077;0.975;27;3;Sherifat
375;1;NSRef;4;1;0.027777778;0.9;27;3;Sherifat
375;2;NSRef;3;1;0.027027027;0.925;27;3;Rachael
375;3;NSRef;5;1;0.028571429;0.875;27;3;Sherifat
721;1;G486;3;1;0.027027027;0.925;27;3;Rachael
721;2;G486;1;0;0;0.975;27;3;Sherifat
721;3;G486;1;3;0.076923077;0.975;27;3;Rachael
721;1;NSRef;2;0;0;0.95;27;3;Rachael
721;2;NSRef;5;0;0;0.875;27;3;Sherifat
721;3;NSRef;5;1;0.028571429;0.875;27;3;Sherifat
820;1;G486;7;9;0.272727273;0.825;27;3;Rachael
820;2;G486;8;12;0.375;0.8;27;3;Sherifat
820;3;G486;4;13;0.361111111;0.9;27;3;Sherifat
820;1;NSRef;4;5;0.138888889;0.9;27;3;Sherifat
820;2;NSRef;6;1;0.029411765;0.85;27;3;Rachael
820;3;NSRef;4;2;0.055555556;0.9;27;3;Rachael
892;1;G486;0;4;0.1;1;27;3;Rachael
892;2;G486;0;0;0;1;27;3;Sherifat
892;3;G486;0;1;0.025;1;27;3;Rachael
892;1;NSRef;1;7;0.179487179;0.975;27;3;Sherifat
892;2;NSRef;3;10;0.27027027;0.925;27;3;Sherifat
892;3;NSRef;2;3;0.078947368;0.95;27;3;Rachael
91;1;G486;7;2;0.060606061;0.825;28;3;Rachael
91;2;G486;1;6;0.153846154;0.975;28;3;Sherifat
91;3;G486;1;2;0.051282051;0.975;28;3;Rachael
91;1;NSRef;2;9;0.236842105;0.95;28;3;Sherifat
91;2;NSRef;3;2;0.054054054;0.925;28;3;Sherifat
91;3;NSRef;3;1;0.027027027;0.925;28;3;Rachael
136;1;G486;5;0;0;0.875;28;3;Sherifat
136;2;G486;2;0;0;0.95;28;3;Rachael
136;3;G486;2;0;0;0.95;28;3;Rachael
136;1;NSRef;5;0;0;0.875;28;3;Rachael
136;2;NSRef;1;0;0;0.975;28;3;Sherifat
136;3;NSRef;0;5;0.125;1;28;3;Sherifat
142;1;G486;1;2;0.051282051;0.975;28;3;Sherifat
142;1;NSRef;1;1;0.025641026;0.975;28;3;Rachael
142;2;NSRef;3;2;0.054054054;0.925;28;3;Sherifat
153;1;G486;0;0;0;1;28;3;Sherifat
153;2;G486;8;0;0;0.8;28;3;Rachael
153;3;G486;21;0;0;0.475;28;3;Rachael
153;1;NSRef;9;1;0.032258065;0.775;28;3;Rachael
153;2;NSRef;3;3;0.081081081;0.925;28;3;Sherifat
153;3;NSRef;0;0;0;1;28;3;Sherifat
287;1;G486;0;26;0.65;1;28;3;Sherifat
287;2;G486;5;22;0.628571429;0.875;28;3;Sherifat
287;3;G486;0;32;0.8;1;28;3;Rachael
287;1;NSRef;3;8;0.216216216;0.925;28;3;Rachael
287;2;NSRef;2;2;0.052631579;0.95;28;3;Rachael
287;3;NSRef;4;9;0.25;0.9;28;3;Sherifat
304;1;G486;25;0;0;0.375;28;3;Sherifat
304;2;G486;0;0;0;1;28;3;Rachael
304;3;G486;6;0;0;0.85;28;3;Rachael
304;1;NSRef;6;1;0.029411765;0.85;28;3;Rachael
304;2;NSRef;0;3;0.075;1;28;3;Sherifat
304;3;NSRef;3;0;0;0.925;28;3;Sherifat
386;1;G486;2;0;0;0.95;28;3;Rachael
386;2;G486;6;2;0.058823529;0.85;28;3;Sherifat
386;3;G486;3;0;0;0.925;28;3;Rachael
386;1;NSRef;1;1;0.025641026;0.975;28;3;Sherifat
386;2;NSRef;3;3;0.081081081;0.925;28;3;Sherifat
386;3;NSRef;7;0;0;0.825;28;3;Rachael
395;1;G486;14;3;0.115384615;0.65;28;3;Sherifat
395;2;G486;1;0;0;0.975;28;3;Rachael
395;3;G486;2;1;0.026315789;0.95;28;3;Rachael
395;1;NSRef;20;0;0;0.5;28;3;Rachael
395;2;NSRef;9;0;0;0.775;28;3;Sherifat
395;3;NSRef;5;0;0;0.875;28;3;Sherifat
441;1;G486;0;2;0.05;1;28;3;Sherifat
441;2;G486;0;0;0;1;28;3;Rachael
441;3;G486;0;0;0;1;28;3;Sherifat
441;1;NSRef;1;0;0;0.975;28;3;Rachael
441;2;NSRef;6;2;0.058823529;0.85;28;3;Rachael
441;3;NSRef;2;1;0.026315789;0.95;28;3;Sherifat
505;1;G486;0;0;0;1;28;3;Rachael
505;2;G486;1;3;0.076923077;0.975;28;3;Sherifat
505;3;G486;0;7;0.175;1;28;3;Sherifat
505;1;NSRef;2;3;0.078947368;0.95;28;3;Sherifat
505;2;NSRef;8;0;0;0.8;28;3;Rachael
505;3;NSRef;9;0;0;0.775;28;3;Rachael
559;1;G486;5;10;0.285714286;0.875;28;3;Sherifat
559;2;G486;2;0;0;0.95;28;3;Rachael
559;1;NSRef;3;0;0;0.925;28;3;Rachael
559;2;NSRef;4;4;0.111111111;0.9;28;3;Sherifat
634;1;G486;1;1;0.025641026;0.975;28;3;Sherifat
634;2;G486;3;1;0.027027027;0.925;28;3;Rachael
634;3;G486;1;2;0.051282051;0.975;28;3;Sherifat
634;1;NSRef;1;0;0;0.975;28;3;Sherifat
634;2;NSRef;0;1;0.025;1;28;3;Rachael
634;3;NSRef;3;1;0.027027027;0.925;28;3;Rachael
712;1;G486;11;5;0.172413793;0.725;28;3;Rachael
712;2;G486;5;6;0.171428571;0.875;28;3;Sherifat
712;1;NSRef;9;8;0.258064516;0.775;28;3;Sherifat
712;2;NSRef;1;0;0;0.975;28;3;Rachael
822;1;G486;1;3;0.076923077;0.975;28;3;Sherifat
822;1;NSRef;2;1;0.026315789;0.95;28;3;Rachael
852;1;G486;6;8;0.235294118;0.85;28;3;Sherifat
852;2;G486;3;6;0.162162162;0.925;28;3;Sherifat
852;3;G486;9;7;0.225806452;0.775;28;3;Rachael
852;1;NSRef;8;0;0;0.8;28;3;Sherifat
852;2;NSRef;2;0;0;0.95;28;3;Rachael
852;3;NSRef;4;0;0;0.9;28;3;Rachael
858;1;G486;0;2;0.05;1;28;3;Rachael
858;2;G486;2;2;0.052631579;0.95;28;3;Sherifat
858;3;G486;3;1;0.027027027;0.925;28;3;Sherifat
858;1;NSRef;1;1;0.025641026;0.975;28;3;Sherifat
858;2;NSRef;5;1;0.028571429;0.875;28;3;Rachael
858;3;NSRef;0;2;0.05;1;28;3;Rachael
26;1;G486;0;2;0.05;1;29;3;Sherifat
26;2;G486;0;1;0.025;1;29;3;Sherifat
26;3;G486;0;0;0;1;29;3;Rachael
26;1;NSRef;2;0;0;0.95;29;3;Rachael
26;2;NSRef;3;0;0;0.925;29;3;Sherifat
26;3;NSRef;4;2;0.055555556;0.9;29;3;Sherifat
38;1;G486;2;0;0;0.95;29;3;Sherifat
38;2;G486;0;2;0.05;1;29;3;Rachael
38;3;G486;0;0;0;1;29;3;Sherifat
38;1;NSRef;9;1;0.032258065;0.775;29;3;Rachael
38;2;NSRef;7;2;0.060606061;0.825;29;3;Rachael
38;3;NSRef;0;1;0.025;1;29;3;Sherifat
69;1;G486;0;1;0.025;1;29;3;Sherifat
69;2;G486;0;0;0;1;29;3;Rachael
69;3;G486;5;1;0.028571429;0.875;29;3;Rachael
69;1;NSRef;3;5;0.135135135;0.925;29;3;Sherifat
69;2;NSRef;1;0;0;0.975;29;3;Sherifat
69;3;NSRef;2;0;0;0.95;29;3;Rachael
310;1;G486;0;1;0.025;1;29;3;Sherifat
310;2;G486;0;1;0.025;1;29;3;Rachael
310;3;G486;0;6;0.15;1;29;3;Rachael
310;1;NSRef;0;0;0;1;29;3;Rachael
310;2;NSRef;1;1;0.025641026;0.975;29;3;Sherifat
310;3;NSRef;0;1;0.025;1;29;3;Sherifat
335;1;G486;1;10;0.256410256;0.975;29;3;Rachael
335;2;G486;2;18;0.473684211;0.95;29;3;Sherifat
335;3;G486;0;11;0.275;1;29;3;Sherifat
335;1;NSRef;0;4;0.1;1;29;3;Sherifat
335;2;NSRef;4;0;0;0.9;29;3;Rachael
335;3;NSRef;1;0;0;0.975;29;3;Rachael
350;1;G486;0;2;0.05;1;29;3;Rachael
350;2;G486;5;5;0.142857143;0.875;29;3;Sherifat
350;1;NSRef;4;0;0;0.9;29;3;Rachael
350;2;NSRef;3;0;0;0.925;29;3;Rachael
350;3;NSRef;0;0;0;1;29;3;Sherifat
397;1;G486;2;5;0.131578947;0.95;29;3;Sherifat
397;1;NSRef;8;2;0.0625;0.8;29;3;Rachael
397;2;NSRef;2;1;0.026315789;0.95;29;3;Sherifat
486;1;G486;11;3;0.103448276;0.725;29;3;Rachael
486;2;G486;6;3;0.088235294;0.85;29;3;Sherifat
486;3;G486;4;5;0.138888889;0.9;29;3;Sherifat
486;1;NSRef;8;0;0;0.8;29;3;Rachael
486;2;NSRef;10;0;0;0.75;29;3;Rachael
486;3;NSRef;1;0;0;0.975;29;3;Sherifat
492;1;G486;1;3;0.076923077;0.975;29;3;Sherifat
492;2;G486;0;0;0;1;29;3;Rachael
492;1;NSRef;1;0;0;0.975;29;3;Rachael
492;2;NSRef;1;1;0.025641026;0.975;29;3;Rachael
492;3;NSRef;0;2;0.05;1;29;3;Sherifat
528;1;G486;2;2;0.052631579;0.95;29;3;Sherifat
528;2;G486;4;4;0.111111111;0.9;29;3;Rachael
528;3;G486;10;7;0.233333333;0.75;29;3;Rachael
528;1;NSRef;3;3;0.081081081;0.925;29;3;Sherifat
528;2;NSRef;0;2;0.05;1;29;3;Sherifat
528;3;NSRef;3;2;0.054054054;0.925;29;3;Rachael
630;1;G486;2;2;0.052631579;0.95;29;3;Rachael
630;2;G486;0;2;0.05;1;29;3;Rachael
630;3;G486;1;0;0;0.975;29;3;Sherifat
630;1;NSRef;0;0;0;1;29;3;Sherifat
630;2;NSRef;0;0;0;1;29;3;Sherifat
630;3;NSRef;3;2;0.054054054;0.925;29;3;Rachael
639;1;G486;0;0;0;1;29;3;Rachael
639;2;G486;0;0;0;1;29;3;Sherifat
639;1;NSRef;0;4;0.1;1;29;3;Sherifat
639;2;NSRef;0;3;0.075;1;29;3;Rachael
850;1;G486;0;4;0.1;1;29;3;Sherifat
850;2;G486;0;2;0.05;1;29;3;Rachael
850;3;G486;5;2;0.057142857;0.875;29;3;Rachael
850;1;NSRef;2;1;0.026315789;0.95;29;3;Sherifat
850;2;NSRef;1;1;0.025641026;0.975;29;3;Sherifat
850;3;NSRef;3;2;0.054054054;0.925;29;3;Rachael
85;1;G486;2;2;0.052631579;0.95;30;3;Rachael
85;1;NSRef;1;0;0;0.975;30;3;Rachael
85;2;NSRef;10;4;0.133333333;0.75;30;3;Rachael
108;1;G486;0;0;0;1;30;3;Rachael
108;2;G486;0;1;0.025;1;30;3;Rachael
108;3;G486;9;2;0.064516129;0.775;30;3;Rachael
108;1;NSRef;1;1;0.025641026;0.975;30;3;Rachael
108;2;NSRef;1;0;0;0.975;30;3;Rachael
108;3;NSRef;2;0;0;0.95;30;3;Rachael
324;1;G486;18;6;0.272727273;0.55;30;3;Rachael
324;2;G486;5;1;0.028571429;0.875;30;3;Rachael
324;3;G486;1;4;0.102564103;0.975;30;3;Rachael
324;1;NSRef;1;2;0.051282051;0.975;30;3;Rachael
324;2;NSRef;4;1;0.027777778;0.9;30;3;Rachael
324;3;NSRef;5;2;0.057142857;0.875;30;3;Rachael
340;1;G486;2;1;0.026315789;0.95;30;3;Rachael
340;2;G486;7;0;0;0.825;30;3;Rachael
340;3;G486;3;0;0;0.925;30;3;Rachael
340;1;NSRef;2;1;0.026315789;0.95;30;3;Rachael
340;2;NSRef;6;0;0;0.85;30;3;Rachael
340;3;NSRef;2;0;0;0.95;30;3;Rachael
354;1;NSRef;3;0;0;0.925;30;3;Rachael
374;1;G486;0;0;0;1;30;3;Rachael
374;1;NSRef;12;2;0.071428571;0.7;30;3;Rachael
374;2;NSRef;4;0;0;0.9;30;3;Rachael
786;1;NSRef;3;1;0.027027027;0.925;30;3;Rachael
820;1;G486;0;8;0.2;1;30;3;Rachael
820;2;G486;0;15;0.375;1;30;3;Rachael
820;3;G486;0;13;0.325;1;30;3;Rachael
820;1;NSRef;1;2;0.051282051;0.975;30;3;Rachael
820;2;NSRef;37;0;0;0.075;30;3;Rachael
820;3;NSRef;8;5;0.15625;0.8;30;3;Rachael
73;1;G486;3;1;0.027027027;0.925;31;4;Esref
73;2;G486;30;4;0.4;0.25;31;4;Esref
73;3;G486;2;0;0;0.95;31;4;Esref
73;1;NSRef;25;2;0.133333333;0.375;31;4;Esref
73;2;NSRef;4;0;0;0.9;31;4;Esref
73;3;NSRef;6;0;0;0.85;31;4;Esref
85;1;G486;1;6;0.153846154;0.975;31;4;Esref
85;2;G486;0;1;0.025;1;31;4;Esref
85;3;G486;2;3;0.078947368;0.95;31;4;Esref
85;1;NSRef;2;2;0.052631579;0.95;31;4;Esref
85;2;NSRef;3;0;0;0.925;31;4;Esref
85;3;NSRef;2;1;0.026315789;0.95;31;4;Esref
307;1;G486;5;2;0.057142857;0.875;31;4;Esref
307;2;G486;7;1;0.03030303;0.825;31;4;Esref
307;3;G486;4;2;0.055555556;0.9;31;4;Esref
307;1;NSRef;1;1;0.025641026;0.975;31;4;Esref
307;2;NSRef;6;2;0.058823529;0.85;31;4;Esref
307;3;NSRef;2;0;0;0.95;31;4;Esref
315;1;G486;10;3;0.1;0.75;31;4;Esref
315;2;G486;7;3;0.090909091;0.825;31;4;Esref
315;3;G486;5;4;0.114285714;0.875;31;4;Esref
315;1;NSRef;2;1;0.026315789;0.95;31;4;Esref
315;2;NSRef;3;1;0.027027027;0.925;31;4;Esref
315;3;NSRef;2;1;0.026315789;0.95;31;4;Esref
318;1;G486;3;1;0.027027027;0.925;31;4;Esref
318;2;G486;24;3;0.1875;0.4;31;4;Esref
318;3;G486;2;0;0;0.95;31;4;Esref
318;1;NSRef;4;0;0;0.9;31;4;Esref
318;2;NSRef;1;0;0;0.975;31;4;Esref
318;3;NSRef;8;1;0.03125;0.8;31;4;Esref
332;1;G486;22;2;0.111111111;0.45;31;4;Esref
332;2;G486;1;0;0;0.975;31;4;Esref
332;3;G486;2;0;0;0.95;31;4;Esref
332;1;NSRef;5;1;0.028571429;0.875;31;4;Esref
332;2;NSRef;4;0;0;0.9;31;4;Esref
332;3;NSRef;1;0;0;0.975;31;4;Esref
630;1;G486;3;2;0.054054054;0.925;31;4;Esref
630;2;G486;2;0;0;0.95;31;4;Esref
630;3;G486;3;1;0.027027027;0.925;31;4;Esref
630;1;NSRef;1;1;0.025641026;0.975;31;4;Esref
630;2;NSRef;2;3;0.078947368;0.95;31;4;Esref
630;3;NSRef;3;4;0.108108108;0.925;31;4;Esref
646;1;G486;9;10;0.322580645;0.775;31;4;Esref
646;2;G486;8;16;0.5;0.8;31;4;Esref
646;3;G486;2;6;0.157894737;0.95;31;4;Esref
646;1;NSRef;8;2;0.0625;0.8;31;4;Esref
646;2;NSRef;1;1;0.025641026;0.975;31;4;Esref
646;3;NSRef;1;0;0;0.975;31;4;Esref
707;1;G486;1;2;0.051282051;0.975;31;4;Esref
707;2;G486;1;4;0.102564103;0.975;31;4;Esref
707;3;G486;18;2;0.090909091;0.55;31;4;Esref
707;1;NSRef;3;1;0.027027027;0.925;31;4;Esref
707;2;NSRef;2;0;0;0.95;31;4;Esref
707;3;NSRef;5;1;0.028571429;0.875;31;4;Esref
732;1;G486;5;1;0.028571429;0.875;31;4;Esref
732;2;G486;9;4;0.129032258;0.775;31;4;Esref
732;3;G486;6;1;0.029411765;0.85;31;4;Esref
732;1;NSRef;2;0;0;0.95;31;4;Esref
732;2;NSRef;3;1;0.027027027;0.925;31;4;Esref
732;3;NSRef;2;0;0;0.95;31;4;Esref
805;1;G486;0;0;0;1;31;4;Esref
805;2;G486;4;0;0;0.9;31;4;Esref
805;3;G486;2;11;0.289473684;0.95;31;4;Esref
805;1;NSRef;0;0;0;1;31;4;Esref
805;2;NSRef;3;2;0.054054054;0.925;31;4;Esref
805;3;NSRef;1;3;0.076923077;0.975;31;4;Esref
810;1;G486;14;1;0.038461538;0.65;31;4;Esref
810;2;G486;4;16;0.444444444;0.9;31;4;Esref
810;3;G486;4;8;0.222222222;0.9;31;4;Esref
810;1;NSRef;1;0;0;0.975;31;4;Esref
810;2;NSRef;4;0;0;0.9;31;4;Esref
810;3;NSRef;2;2;0.052631579;0.95;31;4;Esref
812;1;G486;4;6;0.166666667;0.9;31;4;Esref
812;2;G486;3;9;0.243243243;0.925;31;4;Esref
812;3;G486;7;13;0.393939394;0.825;31;4;Esref
812;1;NSRef;4;0;0;0.9;31;4;Esref
812;2;NSRef;2;1;0.026315789;0.95;31;4;Esref
812;3;NSRef;6;1;0.029411765;0.85;31;4;Esref
832;1;G486;5;28;0.8;0.875;31;4;Esref
832;2;G486;11;25;0.862068966;0.725;31;4;Esref
832;3;G486;7;22;0.666666667;0.825;31;4;Esref
832;1;NSRef;7;1;0.03030303;0.825;31;4;Esref
832;2;NSRef;2;0;0;0.95;31;4;Esref
832;3;NSRef;3;0;0;0.925;31;4;Esref
138;1;G486;0;0;0;1;32;4;Esref
138;2;G486;0;4;0.1;1;32;4;Esref
138;3;G486;1;0;0;0.975;32;4;Esref
138;1;NSRef;3;2;0.054054054;0.925;32;4;Esref
138;2;NSRef;1;0;0;0.975;32;4;Esref
138;3;NSRef;1;0;0;0.975;32;4;Esref
227;1;G486;4;2;0.055555556;0.9;32;4;Esref
227;2;G486;5;3;0.085714286;0.875;32;4;Esref
227;3;G486;13;2;0.074074074;0.675;32;4;Esref
227;1;NSRef;1;5;0.128205128;0.975;32;4;Esref
227;2;NSRef;4;2;0.055555556;0.9;32;4;Esref
227;3;NSRef;7;1;0.03030303;0.825;32;4;Esref
324;1;G486;5;5;0.142857143;0.875;32;4;Esref
324;2;G486;4;7;0.194444444;0.9;32;4;Esref
324;3;G486;4;6;0.166666667;0.9;32;4;Esref
324;1;NSRef;4;0;0;0.9;32;4;Esref
324;2;NSRef;7;3;0.090909091;0.825;32;4;Esref
324;3;NSRef;3;1;0.027027027;0.925;32;4;Esref
340;1;G486;3;0;0;0.925;32;4;Esref
340;2;G486;3;1;0.027027027;0.925;32;4;Esref
340;3;G486;1;0;0;0.975;32;4;Esref
340;1;NSRef;0;0;0;1;32;4;Esref
340;2;NSRef;1;0;0;0.975;32;4;Esref
340;3;NSRef;2;2;0.052631579;0.95;32;4;Esref
348;1;G486;2;1;0.026315789;0.95;32;4;Esref
348;2;G486;3;0;0;0.925;32;4;Esref
348;3;G486;2;0;0;0.95;32;4;Esref
348;1;NSRef;1;0;0;0.975;32;4;Esref
348;2;NSRef;2;1;0.026315789;0.95;32;4;Esref
348;3;NSRef;1;0;0;0.975;32;4;Esref
354;1;G486;1;0;0;0.975;32;4;Esref
354;2;G486;2;0;0;0.95;32;4;Esref
354;3;G486;1;1;0.025641026;0.975;32;4;Esref
354;1;NSRef;2;1;0.026315789;0.95;32;4;Esref
354;2;NSRef;3;1;0.027027027;0.925;32;4;Esref
354;3;NSRef;1;1;0.025641026;0.975;32;4;Esref
357;1;G486;4;1;0.027777778;0.9;32;4;Esref
357;2;G486;3;0;0;0.925;32;4;Esref
357;3;G486;2;1;0.026315789;0.95;32;4;Esref
357;1;NSRef;7;1;0.03030303;0.825;32;4;Esref
357;2;NSRef;1;0;0;0.975;32;4;Esref
357;3;NSRef;10;2;0.066666667;0.75;32;4;Esref
374;1;G486;3;3;0.081081081;0.925;32;4;Esref
374;2;G486;2;4;0.105263158;0.95;32;4;Esref
374;3;G486;1;3;0.076923077;0.975;32;4;Esref
374;1;NSRef;4;1;0.027777778;0.9;32;4;Esref
374;2;NSRef;6;1;0.029411765;0.85;32;4;Esref
374;3;NSRef;3;0;0;0.925;32;4;Esref
382;1;G486;2;5;0.131578947;0.95;32;4;Esref
382;2;G486;1;3;0.076923077;0.975;32;4;Esref
382;3;G486;0;2;0.05;1;32;4;Esref
382;1;NSRef;5;2;0.057142857;0.875;32;4;Esref
382;2;NSRef;4;0;0;0.9;32;4;Esref
382;3;NSRef;3;1;0.027027027;0.925;32;4;Esref
397;1;G486;2;1;0.026315789;0.95;32;4;Esref
397;2;G486;2;0;0;0.95;32;4;Esref
397;3;G486;4;1;0.027777778;0.9;32;4;Esref
397;1;NSRef;0;0;0;1;32;4;Esref
397;2;NSRef;2;0;0;0.95;32;4;Esref
397;3;NSRef;2;1;0.026315789;0.95;32;4;Esref
486;1;G486;2;1;0.026315789;0.95;32;4;Esref
486;2;G486;3;0;0;0.925;32;4;Esref
486;3;G486;2;1;0.026315789;0.95;32;4;Esref
486;1;NSRef;6;1;0.029411765;0.85;32;4;Esref
486;2;NSRef;1;3;0.076923077;0.975;32;4;Esref
486;3;NSRef;2;0;0;0.95;32;4;Esref
714;1;G486;1;0;0;0.975;32;4;Esref
714;2;G486;2;0;0;0.95;32;4;Esref
714;3;G486;2;1;0.026315789;0.95;32;4;Esref
714;1;NSRef;0;0;0;1;32;4;Esref
714;2;NSRef;8;4;0.125;0.8;32;4;Esref
714;3;NSRef;3;1;0.027027027;0.925;32;4;Esref
765;1;G486;0;0;0;1;32;4;Esref
765;2;G486;2;1;0.026315789;0.95;32;4;Esref
765;3;G486;3;2;0.054054054;0.925;32;4;Esref
765;1;NSRef;1;1;0.025641026;0.975;32;4;Esref
765;2;NSRef;2;4;0.105263158;0.95;32;4;Esref
765;3;NSRef;2;2;0.052631579;0.95;32;4;Esref
786;1;G486;3;0;0;0.925;32;4;Esref
786;2;G486;2;1;0.026315789;0.95;32;4;Esref
786;3;G486;3;2;0.054054054;0.925;32;4;Esref
786;1;NSRef;2;1;0.026315789;0.95;32;4;Esref
786;2;NSRef;3;2;0.054054054;0.925;32;4;Esref
786;3;NSRef;4;2;0.055555556;0.9;32;4;Esref
42;1;G486;2;0;0;0.95;33;4;Esref
42;2;G486;3;0;0;0.925;33;4;Esref
42;3;G486;1;1;0.025641026;0.975;33;4;Esref
42;1;NSRef;1;0;0;0.975;33;4;Esref
42;2;NSRef;2;0;0;0.95;33;4;Esref
42;3;NSRef;6;1;0.029411765;0.85;33;4;Esref
83;1;G486;1;0;0;0.975;33;4;Esref
83;2;G486;2;1;0.026315789;0.95;33;4;Esref
83;3;G486;5;1;0.028571429;0.875;33;4;Esref
83;1;NSRef;2;0;0;0.95;33;4;Esref
83;2;NSRef;1;1;0.025641026;0.975;33;4;Esref
83;3;NSRef;6;1;0.029411765;0.85;33;4;Esref
88;1;G486;1;6;0.153846154;0.975;33;4;Esref
88;2;G486;2;4;0.105263158;0.95;33;4;Esref
88;3;G486;1;6;0.153846154;0.975;33;4;Esref
88;1;NSRef;5;1;0.028571429;0.875;33;4;Esref
88;2;NSRef;31;4;0.444444444;0.225;33;4;Esref
88;3;NSRef;7;1;0.03030303;0.825;33;4;Esref
158;1;G486;21;10;0.526315789;0.475;33;4;Esref
158;2;G486;2;14;0.368421053;0.95;33;4;Esref
158;3;G486;2;13;0.342105263;0.95;33;4;Esref
158;1;NSRef;6;3;0.088235294;0.85;33;4;Esref
158;2;NSRef;2;0;0;0.95;33;4;Esref
158;3;NSRef;7;1;0.03030303;0.825;33;4;Esref
287;1;G486;3;19;0.513513514;0.925;33;4;Esref
287;2;G486;22;12;0.666666667;0.45;33;4;Esref
287;3;G486;6;19;0.558823529;0.85;33;4;Esref
287;1;NSRef;26;7;0.5;0.35;33;4;Esref
287;2;NSRef;7;2;0.060606061;0.825;33;4;Esref
287;3;NSRef;8;4;0.125;0.8;33;4;Esref
350;1;G486;3;1;0.027027027;0.925;33;4;Esref
350;2;G486;7;14;0.424242424;0.825;33;4;Esref
350;3;G486;3;1;0.027027027;0.925;33;4;Esref
350;1;NSRef;3;1;0.027027027;0.925;33;4;Esref
350;2;NSRef;5;1;0.028571429;0.875;33;4;Esref
350;3;NSRef;12;4;0.142857143;0.7;33;4;Esref
356;1;G486;3;3;0.081081081;0.925;33;4;Esref
356;2;G486;5;8;0.228571429;0.875;33;4;Esref
356;3;G486;6;1;0.029411765;0.85;33;4;Esref
356;1;NSRef;6;2;0.058823529;0.85;33;4;Esref
356;2;NSRef;7;2;0.060606061;0.825;33;4;Esref
356;3;NSRef;4;1;0.027777778;0.9;33;4;Esref
383;1;G486;2;0;0;0.95;33;4;Esref
383;2;G486;3;1;0.027027027;0.925;33;4;Esref
383;3;G486;3;1;0.027027027;0.925;33;4;Esref
383;1;NSRef;5;0;0;0.875;33;4;Esref
383;2;NSRef;4;0;0;0.9;33;4;Esref
383;3;NSRef;2;1;0.026315789;0.95;33;4;Esref
461;1;G486;5;1;0.028571429;0.875;33;4;Esref
461;2;G486;4;1;0.027777778;0.9;33;4;Esref
461;3;G486;6;2;0.058823529;0.85;33;4;Esref
461;1;NSRef;5;1;0.028571429;0.875;33;4;Esref
461;2;NSRef;4;0;0;0.9;33;4;Esref
461;3;NSRef;5;1;0.028571429;0.875;33;4;Esref
492;1;G486;1;0;0;0.975;33;4;Esref
492;2;G486;1;1;0.025641026;0.975;33;4;Esref
492;3;G486;10;4;0.133333333;0.75;33;4;Esref
492;1;NSRef;1;0;0;0.975;33;4;Esref
492;2;NSRef;3;1;0.027027027;0.925;33;4;Esref
492;3;NSRef;4;1;0.027777778;0.9;33;4;Esref
502;1;G486;7;5;0.151515152;0.825;33;4;Esref
502;2;G486;4;1;0.027777778;0.9;33;4;Esref
502;3;G486;3;2;0.054054054;0.925;33;4;Esref
502;1;NSRef;2;2;0.052631579;0.95;33;4;Esref
502;2;NSRef;1;2;0.051282051;0.975;33;4;Esref
502;3;NSRef;3;2;0.054054054;0.925;33;4;Esref
531;1;G486;2;2;0.052631579;0.95;33;4;Esref
531;2;G486;3;2;0.054054054;0.925;33;4;Esref
531;1;NSRef;8;2;0.0625;0.8;33;4;Esref
761;1;G486;6;7;0.205882353;0.85;33;4;Esref
761;2;G486;1;2;0.051282051;0.975;33;4;Esref
761;3;G486;3;4;0.108108108;0.925;33;4;Esref
761;1;NSRef;13;4;0.148148148;0.675;33;4;Esref
761;2;NSRef;4;1;0.027777778;0.9;33;4;Esref
761;3;NSRef;5;1;0.028571429;0.875;33;4;Esref
820;1;G486;2;3;0.078947368;0.95;33;4;Esref
820;2;G486;2;5;0.131578947;0.95;33;4;Esref
820;3;G486;27;9;0.692307692;0.325;33;4;Esref
820;1;NSRef;1;0;0;0.975;33;4;Esref
820;2;NSRef;7;2;0.060606061;0.825;33;4;Esref
820;3;NSRef;3;5;0.135135135;0.925;33;4;Esref
136;1;G486;3;0;0;0.925;34;4;Esref
136;2;G486;4;2;0.055555556;0.9;34;4;Esref
136;3;G486;5;1;0.028571429;0.875;34;4;Esref
136;1;NSRef;10;2;0.066666667;0.75;34;4;Esref
136;2;NSRef;6;1;0.029411765;0.85;34;4;Esref
136;3;NSRef;7;2;0.060606061;0.825;34;4;Esref
142;1;G486;9;1;0.032258065;0.775;34;4;Esref
142;2;G486;8;2;0.0625;0.8;34;4;Esref
142;3;G486;7;0;0;0.825;34;4;Esref
142;1;NSRef;9;1;0.032258065;0.775;34;4;Esref
142;2;NSRef;10;3;0.1;0.75;34;4;Esref
142;3;NSRef;15;3;0.12;0.625;34;4;Esref
161;1;G486;5;1;0.028571429;0.875;34;4;Esref
161;2;G486;3;2;0.054054054;0.925;34;4;Esref
161;3;G486;4;2;0.055555556;0.9;34;4;Esref
161;1;NSRef;13;2;0.074074074;0.675;34;4;Esref
161;2;NSRef;15;6;0.24;0.625;34;4;Esref
161;3;NSRef;4;1;0.027777778;0.9;34;4;Esref
256;1;G486;7;3;0.090909091;0.825;34;4;Esref
256;2;G486;8;4;0.125;0.8;34;4;Esref
256;3;G486;9;2;0.064516129;0.775;34;4;Esref
256;1;NSRef;6;2;0.058823529;0.85;34;4;Esref
256;2;NSRef;13;4;0.148148148;0.675;34;4;Esref
256;3;NSRef;3;0;0;0.925;34;4;Esref
310;1;G486;5;2;0.057142857;0.875;34;4;Esref
310;2;G486;6;1;0.029411765;0.85;34;4;Esref
310;3;G486;7;3;0.090909091;0.825;34;4;Esref
310;1;NSRef;2;0;0;0.95;34;4;Esref
310;2;NSRef;4;1;0.027777778;0.9;34;4;Esref
310;3;NSRef;3;1;0.027027027;0.925;34;4;Esref
313;1;G486;4;1;0.027777778;0.9;34;4;Esref
313;2;G486;3;1;0.027027027;0.925;34;4;Esref
313;3;G486;4;0;0;0.9;34;4;Esref
313;1;NSRef;5;1;0.028571429;0.875;34;4;Esref
313;2;NSRef;3;2;0.054054054;0.925;34;4;Esref
313;3;NSRef;6;1;0.029411765;0.85;34;4;Esref
358;1;G486;6;6;0.176470588;0.85;34;4;Esref
358;2;G486;6;2;0.058823529;0.85;34;4;Esref
358;3;G486;5;0;0;0.875;34;4;Esref
358;1;NSRef;3;1;0.027027027;0.925;34;4;Esref
358;2;NSRef;4;0;0;0.9;34;4;Esref
358;3;NSRef;6;2;0.058823529;0.85;34;4;Esref
365;1;G486;5;10;0.285714286;0.875;34;4;Esref
365;2;G486;15;5;0.2;0.625;34;4;Esref
365;3;G486;12;10;0.357142857;0.7;34;4;Esref
365;1;NSRef;5;1;0.028571429;0.875;34;4;Esref
365;2;NSRef;4;2;0.055555556;0.9;34;4;Esref
365;3;NSRef;6;1;0.029411765;0.85;34;4;Esref
596;1;G486;2;5;0.131578947;0.95;34;4;Esref
596;2;G486;3;8;0.216216216;0.925;34;4;Esref
596;3;G486;3;3;0.081081081;0.925;34;4;Esref
596;1;NSRef;4;0;0;0.9;34;4;Esref
596;2;NSRef;3;1;0.027027027;0.925;34;4;Esref
596;3;NSRef;4;2;0.055555556;0.9;34;4;Esref
634;1;G486;4;0;0;0.9;34;4;Esref
634;2;G486;5;1;0.028571429;0.875;34;4;Esref
634;3;G486;3;1;0.027027027;0.925;34;4;Esref
634;1;NSRef;5;0;0;0.875;34;4;Esref
634;2;NSRef;6;2;0.058823529;0.85;34;4;Esref
634;3;NSRef;3;1;0.027027027;0.925;34;4;Esref
639;1;G486;5;1;0.028571429;0.875;34;4;Esref
639;2;G486;6;2;0.058823529;0.85;34;4;Esref
639;3;G486;7;1;0.03030303;0.825;34;4;Esref
639;1;NSRef;3;0;0;0.925;34;4;Esref
639;2;NSRef;4;1;0.027777778;0.9;34;4;Esref
639;3;NSRef;4;1;0.027777778;0.9;34;4;Esref
712;1;G486;6;0;0;0.85;34;4;Esref
712;2;G486;7;1;0.03030303;0.825;34;4;Esref
712;3;G486;6;1;0.029411765;0.85;34;4;Esref
712;1;NSRef;31;5;0.555555556;0.225;34;4;Esref
712;2;NSRef;4;1;0.027777778;0.9;34;4;Esref
712;3;NSRef;3;1;0.027027027;0.925;34;4;Esref
801;1;G486;5;0;0;0.875;34;4;Esref
801;2;G486;7;1;0.03030303;0.825;34;4;Esref
801;3;G486;8;2;0.0625;0.8;34;4;Esref
801;1;NSRef;11;5;0.172413793;0.725;34;4;Esref
801;2;NSRef;3;0;0;0.925;34;4;Esref
801;3;NSRef;4;1;0.027777778;0.9;34;4;Esref
884;1;G486;6;1;0.029411765;0.85;34;4;Esref
884;2;G486;4;0;0;0.9;34;4;Esref
884;3;G486;6;3;0.088235294;0.85;34;4;Esref
884;1;NSRef;4;0;0;0.9;34;4;Esref
884;2;NSRef;5;1;0.028571429;0.875;34;4;Esref
884;3;NSRef;3;1;0.027027027;0.925;34;4;Esref